{
"type": "FeatureCollection",
"name": "galicia_sectors",
"crs": { "type": "name", "properties": { "name": "urn:ogc:def:crs:OGC:1.3:CRS84" } },
"features": [
{ "type": "Feature", "properties": { "sector": "Ourense Sur — Monterrei" }, "geometry": { "type": "Polygon", "coordinates": [ [ [ -8.158931776150872, 41.854853935932375 ], [ -8.161599358769262, 41.863594486412559 ], [ -8.164267976506931, 41.872334855335438 ], [ -8.166937629903291, 41.881075042694633 ], [ -8.178686913242768, 41.878912129670013 ], [ -8.190435465460952, 41.876747845096205 ], [ -8.202183286204773, 41.874582189108565 ], [ -8.204858623532639, 41.883321110727771 ], [ -8.207534999162478, 41.892059850345809 ], [ -8.210212413635464, 41.900798407955932 ], [ -8.212890867493137, 41.909536783551324 ], [ -8.215570361277424, 41.918274977125165 ], [ -8.203814791253249, 41.920442442454856 ], [ -8.206493774086338, 41.929180816293957 ], [ -8.194735918580998, 41.931347271331887 ], [ -8.197414389529737, 41.94008582551772 ], [ -8.185654247511298, 41.942251269878916 ], [ -8.188332205641602, 41.950990004492816 ], [ -8.176569776077756, 41.953154437792008 ], [ -8.179247220454561, 41.961893352915247 ], [ -8.167482502312639, 41.964056774766867 ], [ -8.170159431999917, 41.972795870480596 ], [ -8.158392424246877, 41.974958280498782 ], [ -8.16106883830761, 41.983697556884067 ], [ -8.14929953991005, 41.985858954682641 ], [ -8.137529507420572, 41.988018978100932 ], [ -8.140203847330413, 41.996758797012937 ], [ -8.128431523086462, 41.998917807492852 ], [ -8.131105344534875, 42.007657807183776 ], [ -8.119330727502561, 42.009815804338395 ], [ -8.116658465031154, 42.001075443124265 ], [ -8.104884673521468, 42.003231703771277 ], [ -8.107555376583417, 42.011972426311992 ], [ -8.095779292134802, 42.014127672968705 ], [ -8.084002474514341, 42.016281544172656 ], [ -8.086671095455891, 42.025022808538161 ], [ -8.089340754935781, 42.033763892658968 ], [ -8.077560081507858, 42.035917110172036 ], [ -8.080229217781524, 42.044658375203198 ], [ -8.082899393153051, 42.053399460118605 ], [ -8.085570608166501, 42.062140364911777 ], [ -8.088242863366292, 42.070881089576218 ], [ -8.100029789114194, 42.068726426565632 ], [ -8.10270464944576, 42.077466609365331 ], [ -8.114492403748127, 42.075310207657147 ], [ -8.11716987037962, 42.084049848103852 ], [ -8.128958452537148, 42.0818917072977 ], [ -8.140746297695996, 42.079732189599007 ], [ -8.152533405497428, 42.077571295144367 ], [ -8.164319775582955, 42.07540902407041 ], [ -8.161636055319056, 42.066670833871044 ], [ -8.173420125009963, 42.064507549368798 ], [ -8.185203456704089, 42.062342888717495 ], [ -8.187890301173546, 42.071080352611354 ], [ -8.190578191687434, 42.079817635217047 ], [ -8.178791735696391, 42.081983022513334 ], [ -8.181479109863586, 42.090720487360137 ], [ -8.184167530643752, 42.09945777104695 ], [ -8.186856998585117, 42.108194873566454 ], [ -8.189547514236303, 42.116931794911288 ], [ -8.192239078146311, 42.125668535074048 ], [ -8.194931690864546, 42.134405094047246 ], [ -8.19762535294079, 42.143141471823398 ], [ -8.209422760580892, 42.140973536769643 ], [ -8.221219425935644, 42.138804223930627 ], [ -8.233015348646173, 42.13663353344387 ], [ -8.235714759215307, 42.145368635810343 ], [ -8.22391727074829, 42.147539691229355 ], [ -8.226616167076632, 42.156274977029163 ], [ -8.214816368803659, 42.158445019481654 ], [ -8.217514749947286, 42.16718048879661 ], [ -8.220214183181037, 42.175915776740496 ], [ -8.208410505835372, 42.178085170805431 ], [ -8.196606084809092, 42.180253186157728 ], [ -8.184800920462234, 42.182419822659632 ], [ -8.172995013155079, 42.184585080173441 ], [ -8.161188363248156, 42.186748958561502 ], [ -8.149380971102216, 42.18891145768626 ], [ -8.152072037897174, 42.197648751953885 ], [ -8.140262332490645, 42.199810235602214 ], [ -8.128451885129017, 42.201970339514133 ], [ -8.116640696173967, 42.204129063552138 ], [ -8.104828765987387, 42.206286407578808 ], [ -8.093016094931434, 42.208442371456748 ], [ -8.081202683368508, 42.210596955048686 ], [ -8.069388531661238, 42.212750158217347 ], [ -8.057573640172507, 42.214901980825545 ], [ -8.045758009265425, 42.21705242273616 ], [ -8.04843596307153, 42.225792805944749 ], [ -8.036618017253911, 42.227942229301618 ], [ -8.02479933230781, 42.23009027148786 ], [ -8.012979908597247, 42.232236932366462 ], [ -8.001159746486488, 42.234382211800437 ], [ -7.989338846340035, 42.236526109652885 ], [ -7.986668776181019, 42.227783917030088 ], [ -7.974848716402966, 42.229926071878793 ], [ -7.972181266294784, 42.221183339586801 ], [ -7.969514857650194, 42.212440428917247 ], [ -7.957697216346128, 42.214580480365093 ], [ -7.955033425486151, 42.205837030665059 ], [ -7.943216625852335, 42.207975340259182 ], [ -7.94055545159419, 42.199231352018302 ], [ -7.928739494329657, 42.20136792016293 ], [ -7.926080935490499, 42.192623393870484 ], [ -7.923423414321817, 42.18387868965106 ], [ -7.911609876690256, 42.186013157114793 ], [ -7.908954968676831, 42.177267915480272 ], [ -7.897142274707593, 42.179400642644111 ], [ -7.894489978666999, 42.170654864082778 ], [ -7.891838717591614, 42.161908907895011 ], [ -7.880028443805355, 42.164039536350742 ], [ -7.877379792441109, 42.155293043870998 ], [ -7.865570363603922, 42.157421933176018 ], [ -7.862924320768799, 42.148674904891607 ], [ -7.851115737573694, 42.150802055450185 ], [ -7.839306425199283, 42.152927825457667 ], [ -7.827496384010629, 42.155052214778813 ], [ -7.815685614373054, 42.157175223278415 ], [ -7.818325352148305, 42.165923682892071 ], [ -7.806512277084493, 42.168045667768538 ], [ -7.794698473872301, 42.17016627135358 ], [ -7.782883942877905, 42.172285493512121 ], [ -7.771068684467757, 42.174403334109087 ], [ -7.759252699008532, 42.176519793009533 ], [ -7.747435986867154, 42.178634870078554 ], [ -7.735618548410772, 42.180748565181261 ], [ -7.723800384006787, 42.182860878182893 ], [ -7.711981494022831, 42.184971808948703 ], [ -7.700161878826783, 42.187081357344042 ], [ -7.688341538786757, 42.189189523234255 ], [ -7.676520474271089, 42.191296306484851 ], [ -7.679142279735355, 42.200048865822055 ], [ -7.667318908071154, 42.202154621370596 ], [ -7.655494812239753, 42.204258993809844 ], [ -7.643669992610403, 42.206361983005351 ], [ -7.631844449552593, 42.208463588822724 ], [ -7.620018183436035, 42.21056381112767 ], [ -7.608191194630691, 42.212662649785869 ], [ -7.596363483506769, 42.214760104663171 ], [ -7.584535050434702, 42.216856175625409 ], [ -7.572705895785155, 42.218950862538492 ], [ -7.560876019929062, 42.221044165268438 ], [ -7.549045423237558, 42.22313608368124 ], [ -7.537214106082041, 42.225226617643052 ], [ -7.539817905000101, 42.233983251171182 ], [ -7.527984279030148, 42.236072753345482 ], [ -7.516149932912548, 42.238160870599387 ], [ -7.504314867019568, 42.240247602799101 ], [ -7.492479081723741, 42.242332949810901 ], [ -7.480642577397828, 42.244416911501105 ], [ -7.468805354414824, 42.246499487736116 ], [ -7.456967413147975, 42.248580678382396 ], [ -7.445128753970738, 42.250660483306469 ], [ -7.433289377256834, 42.252738902374908 ], [ -7.421449283380214, 42.254815935454339 ], [ -7.409608472715064, 42.256891582411484 ], [ -7.407022173202129, 42.248131079224265 ], [ -7.395182239533448, 42.250204989352675 ], [ -7.39259854510215, 42.241443963853477 ], [ -7.380759489106731, 42.243516137564029 ], [ -7.37817839855206, 42.234754590235362 ], [ -7.375598318052977, 42.225992871311462 ], [ -7.363761733022632, 42.228062959262921 ], [ -7.361184254114279, 42.219300719132427 ], [ -7.349348547983634, 42.221369071828853 ], [ -7.337512129058916, 42.223436038751444 ], [ -7.334938842903833, 42.214672928825522 ], [ -7.323103304349713, 42.216738160974138 ], [ -7.320532617251009, 42.20797453114492 ], [ -7.308697959739359, 42.210038028930654 ], [ -7.306129870491918, 42.201273879678794 ], [ -7.294296094693633, 42.203335643512759 ], [ -7.282461608867668, 42.205396021651815 ], [ -7.279897708677343, 42.196631005611813 ], [ -7.268064106031037, 42.19868965028104 ], [ -7.265502801154271, 42.189924116118917 ], [ -7.253670082356136, 42.191981027729675 ], [ -7.251111371587237, 42.183214975924798 ], [ -7.239279537304793, 42.185270154888485 ], [ -7.227446995757749, 42.18732394823855 ], [ -7.22489247033785, 42.178557032647888 ], [ -7.213060814768178, 42.180609093833731 ], [ -7.210508880915129, 42.171841661898007 ], [ -7.198678111987992, 42.17389199133126 ], [ -7.19612876849552, 42.165124043528621 ], [ -7.184298886875057, 42.167172641620951 ], [ -7.181752132536863, 42.158404178429166 ], [ -7.169923138886269, 42.160451045592275 ], [ -7.158093441524715, 42.162496527297463 ], [ -7.155550867477538, 42.153727204134363 ], [ -7.143722059541523, 42.155770955394274 ], [ -7.141182072103783, 42.147001118136039 ], [ -7.129354154254113, 42.149043139362618 ], [ -7.126816752218948, 42.140272788485774 ], [ -7.114989725115447, 42.142313080090986 ], [ -7.103161997056137, 42.144351986324885 ], [ -7.100628771577513, 42.135580778467563 ], [ -7.088801935715445, 42.137617955564927 ], [ -7.086271293091326, 42.128846235380159 ], [ -7.074445350083931, 42.130881683753216 ], [ -7.07191728910691, 42.122109451716305 ], [ -7.060092239610667, 42.124143171777284 ], [ -7.048266491910404, 42.126175506555924 ], [ -7.045742603743723, 42.117402420524336 ], [ -7.033917751001074, 42.119433027476603 ], [ -7.031396441930209, 42.110659430881235 ], [ -7.019572484799267, 42.112688310419607 ], [ -7.017053753616273, 42.103914203734512 ], [ -7.005230692750151, 42.105941356271472 ], [ -6.99340693642841, 42.107967123617414 ], [ -6.990892374297915, 42.099192165918467 ], [ -7.002714538247081, 42.097166739970348 ], [ -7.000199367394357, 42.088391955789163 ], [ -7.012019244891746, 42.086365486319352 ], [ -7.023838427382565, 42.08433763219449 ], [ -7.021321058356826, 42.075563362997578 ], [ -7.033137955431444, 42.073534466084119 ], [ -7.03061998063543, 42.064760370337751 ], [ -7.028102989584052, 42.055986106304438 ], [ -7.016289270927745, 42.05801432014924 ], [ -7.01377485148811, 42.049239546496842 ], [ -7.001962027483296, 42.051266035296209 ], [ -6.990148510120123, 42.053291140252774 ], [ -6.978334299774247, 42.055314861237541 ], [ -6.975825628471752, 42.046538897059378 ], [ -6.973317937163903, 42.037762765132086 ], [ -6.961506212623995, 42.03978442138088 ], [ -6.959001089176441, 42.031007781587931 ], [ -6.956496944142194, 42.022230974178619 ], [ -6.968305492467863, 42.020209998026715 ], [ -6.96580073804846, 42.011433362846809 ], [ -6.977607008535954, 42.009411343455547 ], [ -6.975101645723965, 42.000634880437936 ], [ -6.986905639366426, 41.998611818206861 ], [ -6.984399669153412, 41.989835527284356 ], [ -6.996201386943686, 41.987811422612687 ], [ -6.993694810320199, 41.979035303717986 ], [ -6.981894676939715, 41.981059068338297 ], [ -6.979390662210951, 41.972282441367696 ], [ -6.991189211729028, 41.970259016664386 ], [ -6.988684590655905, 41.961482561450936 ], [ -7.000480867226973, 41.959458094841793 ], [ -6.997975640798302, 41.950681811318127 ], [ -7.009769645413341, 41.94865630320151 ], [ -7.021562960059097, 41.946629413855113 ], [ -7.024071349980582, 41.955405017071371 ], [ -7.035865555417072, 41.953376406166917 ], [ -7.047659069729684, 41.951346414087645 ], [ -7.059451892545972, 41.949315040962126 ], [ -7.071244023493688, 41.947282286919013 ], [ -7.073759716313885, 41.956056357995656 ], [ -7.085552735059876, 41.95402188176535 ], [ -7.088070989803843, 41.962795442207081 ], [ -7.090590226948811, 41.971568833412611 ], [ -7.093110447011233, 41.980342055382266 ], [ -7.104907514888194, 41.978305172680912 ], [ -7.107430300192959, 41.987077883275148 ], [ -7.119228254838421, 41.985039276894376 ], [ -7.131025514072078, 41.982999289103354 ], [ -7.133552447344653, 41.991771145171612 ], [ -7.145350591911477, 41.98972943321936 ], [ -7.15714803991016, 41.987686339913999 ], [ -7.154617944816185, 41.978915169808012 ], [ -7.166413115583317, 41.976871038562571 ], [ -7.178207589452002, 41.974825526424638 ], [ -7.190001366051145, 41.972778633523831 ], [ -7.187467519628117, 41.964008323554005 ], [ -7.184934660993163, 41.955237843266026 ], [ -7.18240278962766, 41.946467192660165 ], [ -7.17987190501337, 41.937696371736578 ], [ -7.177342006632413, 41.928925380495471 ], [ -7.174813093967273, 41.920154218936943 ], [ -7.186596710009903, 41.918108005881237 ], [ -7.184067207288368, 41.90933701694459 ], [ -7.181538689790319, 41.900565857555421 ], [ -7.179011156999134, 41.891794527713799 ], [ -7.190789354598155, 41.889747964374642 ], [ -7.188261232777132, 41.880976806814949 ], [ -7.200037162894798, 41.87892920784418 ], [ -7.211812398383191, 41.876880230636445 ], [ -7.223586938874191, 41.87482987532087 ], [ -7.221055085692527, 41.866059576173811 ], [ -7.232827359781314, 41.864008186280103 ], [ -7.23536078399987, 41.872778142026625 ], [ -7.247133933392575, 41.870725030882973 ], [ -7.258906386684843, 41.868670542019181 ], [ -7.25636982162622, 41.859901273673891 ], [ -7.268140008648027, 41.857845751219905 ], [ -7.279909499246913, 41.855788851504435 ], [ -7.29167829305629, 41.853730574656879 ], [ -7.303446389709802, 41.851670920806704 ], [ -7.300904536998687, 41.842902857721661 ], [ -7.31267036851257, 41.840842171662253 ], [ -7.324435502550708, 41.838780109058817 ], [ -7.326980490084943, 41.847547482616655 ], [ -7.338746493075003, 41.845483698536029 ], [ -7.350511797446058, 41.843418537971225 ], [ -7.362276402832886, 41.841352001052059 ], [ -7.36482708127989, 41.850118166203728 ], [ -7.376592553408424, 41.848049907263515 ], [ -7.388357325409669, 41.845980272029486 ], [ -7.385803515194168, 41.83721479866994 ], [ -7.39756602143933, 41.835144133466841 ], [ -7.395011639337188, 41.826378833273743 ], [ -7.406771880824062, 41.824307138493431 ], [ -7.404216927799225, 41.815542011394626 ], [ -7.41597490552528, 41.813469287428688 ], [ -7.427732182907824, 41.811395188285708 ], [ -7.430290262254258, 41.820159622545532 ], [ -7.43284933606201, 41.82892388336969 ], [ -7.435409404851083, 41.837687970756804 ], [ -7.447170670749886, 41.835611456005388 ], [ -7.449733299183223, 41.844375022827336 ], [ -7.452296924173472, 41.853138416072738 ], [ -7.440532529455028, 41.855215625213972 ], [ -7.443095586311747, 41.863979192281008 ], [ -7.454861546241956, 41.861901635739997 ], [ -7.46662680261519, 41.859822703089883 ], [ -7.469193987614756, 41.868585401441955 ], [ -7.480960104982578, 41.866504744879151 ], [ -7.49272551765005, 41.8644227122698 ], [ -7.495296831790221, 41.873184540562562 ], [ -7.507063104011181, 41.871100783568842 ], [ -7.504490225253583, 41.86233930374474 ], [ -7.501918346755634, 41.853577649791525 ], [ -7.513680785264691, 41.851493214011931 ], [ -7.5111083433697, 41.842731734324886 ], [ -7.522868513787182, 41.840646271681706 ], [ -7.534627978884293, 41.838559433912501 ], [ -7.54638673829874, 41.836471221148194 ], [ -7.558144791668441, 41.834381633519754 ], [ -7.569902138631554, 41.832290671158226 ], [ -7.581658778826469, 41.830198334194712 ], [ -7.59341471189181, 41.828104622760364 ], [ -7.595998084061493, 41.836863658141993 ], [ -7.607754869435879, 41.8347682223893 ], [ -7.610340805932752, 41.843526732429929 ], [ -7.612927747481902, 41.852285067105697 ], [ -7.601167840914316, 41.854381203228392 ], [ -7.603754226647169, 41.863139712928039 ], [ -7.606341617951419, 41.871898047395135 ], [ -7.594577878483942, 41.873993509108608 ], [ -7.582813429798075, 41.876087595360701 ], [ -7.585398701028019, 41.884846455331612 ], [ -7.597164713008951, 41.882752018809143 ], [ -7.608930015352851, 41.880656206627016 ], [ -7.62069460769751, 41.878559018916917 ], [ -7.632458489680969, 41.876460455810616 ], [ -7.63505101926611, 41.885217737996932 ], [ -7.646815752677723, 41.883117448425196 ], [ -7.658579774585275, 41.88101578352294 ], [ -7.661176437330787, 41.889772187316403 ], [ -7.6637741098819, 41.898528415314068 ], [ -7.675540544141221, 41.89642467160467 ], [ -7.687306265332991, 41.894319552432897 ], [ -7.689908073609103, 41.903074900410097 ], [ -7.701674643436164, 41.90096805350047 ], [ -7.704279026233522, 41.909722872852441 ], [ -7.716046444023375, 41.907614297802972 ], [ -7.713440499052032, 41.898859831195239 ], [ -7.725205640095704, 41.896750233626868 ], [ -7.736970066206363, 41.894639260927931 ], [ -7.748733777023443, 41.892526913231038 ], [ -7.751344405985972, 41.901280320419183 ], [ -7.763108961635389, 41.899166244321769 ], [ -7.774872800848431, 41.89705079329427 ], [ -7.772259051335768, 41.888298093374182 ], [ -7.784020614111046, 41.88618162147975 ], [ -7.795781460152805, 41.884063775118442 ], [ -7.807541589101647, 41.881944554423164 ], [ -7.819301000598395, 41.879823959526902 ], [ -7.831059694284133, 41.877701990562684 ], [ -7.833681237774739, 41.886452918858211 ], [ -7.845440770816848, 41.884329221042691 ], [ -7.842817669800145, 41.875578647663609 ], [ -7.84019558759324, 41.866827896400252 ], [ -7.851951288006003, 41.864703534673595 ], [ -7.86370626995579, 41.862577799475297 ], [ -7.861082094354522, 41.85382758019847 ], [ -7.872834802282167, 41.851700826890102 ], [ -7.884586791454887, 41.849572700573134 ], [ -7.887214077035327, 41.858322209196558 ], [ -7.889842383001137, 41.867071539382643 ], [ -7.89247170988486, 41.875820691126847 ], [ -7.880715054799262, 41.877949884137166 ], [ -7.883343846776243, 41.886699213278398 ], [ -7.88597366021039, 41.895448364108169 ], [ -7.888604495635192, 41.904197336621884 ], [ -7.891236353584518, 41.912946130814895 ], [ -7.879472748180042, 41.91507537365095 ], [ -7.882104070295659, 41.923824345723915 ], [ -7.893869234592609, 41.921694746682498 ], [ -7.896503139194089, 41.930443184219946 ], [ -7.908269140334705, 41.928311854052886 ], [ -7.905633676738454, 41.919563773057789 ], [ -7.902999237263461, 41.91081551359261 ], [ -7.914761398858486, 41.90868352211789 ], [ -7.912126425456053, 41.899935440646949 ], [ -7.909492475632705, 41.891187180575692 ], [ -7.921250801136031, 41.889054528155143 ], [ -7.918616318322708, 41.880306445864953 ], [ -7.930372366267709, 41.878172776426375 ], [ -7.942127692331974, 41.876037733726903 ], [ -7.953882296158593, 41.873901317900334 ], [ -7.965636177390852, 41.871763529080518 ], [ -7.968276880089777, 41.880510183898885 ], [ -7.980031592278386, 41.878370664860803 ], [ -7.977389335672279, 41.86962436740135 ], [ -7.989141770646654, 41.867483832996783 ], [ -7.986498986748982, 41.858737713522096 ], [ -7.998249145529684, 41.856596164137237 ], [ -7.995605835280127, 41.847850222568376 ], [ -8.007353718887366, 41.845707658589113 ], [ -8.004709883224654, 41.836961894846993 ], [ -8.01645549267829, 41.834818316658918 ], [ -8.028200378680609, 41.832673366869194 ], [ -8.039944540877055, 41.830527045611831 ], [ -8.037297081799032, 41.821782175369137 ], [ -8.049038971004036, 41.819634840947373 ], [ -8.060780136120787, 41.81748613552157 ], [ -8.072520576795593, 41.815336059225828 ], [ -8.084260292675028, 41.813184612194306 ], [ -8.095999283405858, 41.811031794561217 ], [ -8.107737548635109, 41.80887760646084 ], [ -8.110394294307119, 41.817620324759098 ], [ -8.122133379954699, 41.81546440698542 ], [ -8.119475088010041, 41.806722048027517 ], [ -8.131211901178144, 41.804565119395633 ], [ -8.133871738968439, 41.813307118818258 ], [ -8.145609370995885, 41.811148460392168 ], [ -8.148271786095515, 41.819889918564719 ], [ -8.160010236295138, 41.817729529948608 ], [ -8.162675229853212, 41.826470446388534 ], [ -8.165341256896768, 41.835211181155252 ], [ -8.168008317963865, 41.843951734242523 ], [ -8.156265228112755, 41.846113203901233 ], [ -8.158931776150872, 41.854853935932375 ] ] ] } },
{ "type": "Feature", "properties": { "sector": "Macizo Central — Trevinca" }, "geometry": { "type": "Polygon", "coordinates": [ [ [ -7.750451784872386, 42.5192602318279 ], [ -7.753108661279749, 42.528007030158285 ], [ -7.764991727866915, 42.525889428342431 ], [ -7.767651252337977, 42.534635691433621 ], [ -7.770311821783583, 42.543381779384845 ], [ -7.782197356170328, 42.541262065942327 ], [ -7.784860575995975, 42.55000761801027 ], [ -7.787524842455388, 42.558752994782978 ], [ -7.799412844699222, 42.556631168466474 ], [ -7.802079763856677, 42.565376008710814 ], [ -7.80474773130929, 42.574120673504112 ], [ -7.816638201464924, 42.571996733065504 ], [ -7.819308823935216, 42.58074086068428 ], [ -7.821980496364263, 42.589484812695659 ], [ -7.833873434483579, 42.587358756886054 ], [ -7.836547764251583, 42.596102171075771 ], [ -7.848441563455054, 42.593974361200317 ], [ -7.85111855177621, 42.602717237070841 ], [ -7.853796592830623, 42.611459937026396 ], [ -7.865692859437686, 42.609330009771092 ], [ -7.868373561368655, 42.618072170758623 ], [ -7.856475687177517, 42.620202461060146 ], [ -7.85915583537654, 42.628944809165191 ], [ -7.861837037987748, 42.637686981334568 ], [ -7.849935198637844, 42.63981660542423 ], [ -7.852615846540291, 42.648558964926117 ], [ -7.840711649100738, 42.650687559211455 ], [ -7.828806703630521, 42.652814760278233 ], [ -7.816901010507507, 42.65494056798746 ], [ -7.80499457010979, 42.65706498220019 ], [ -7.793087382815731, 42.659188002777555 ], [ -7.78117944900393, 42.661309629580721 ], [ -7.76927076905324, 42.663429862470949 ], [ -7.757361343342767, 42.665548701309547 ], [ -7.745451172251856, 42.667666145957881 ], [ -7.733540256160126, 42.66978219627741 ], [ -7.721628595447403, 42.671896852129599 ], [ -7.709716190493801, 42.674010113376035 ], [ -7.69780304167967, 42.676121979878332 ], [ -7.685889149385598, 42.678232451498182 ], [ -7.673974513992442, 42.680341528097337 ], [ -7.662059135881297, 42.682449209537609 ], [ -7.659404303380019, 42.673701065397239 ], [ -7.647489800166664, 42.675806991740203 ], [ -7.635574555440902, 42.677911522853279 ], [ -7.623658569584384, 42.680014658598552 ], [ -7.611741842979018, 42.682116398838183 ], [ -7.599824376006969, 42.684216743434384 ], [ -7.587906169050622, 42.686315692249423 ], [ -7.575987222492641, 42.688413245145654 ], [ -7.56406753671592, 42.690509401985487 ], [ -7.552147112103602, 42.692604162631383 ], [ -7.540225949039086, 42.694697526945887 ], [ -7.528304047906016, 42.696789494791581 ], [ -7.516381409088281, 42.698880066031151 ], [ -7.504458032970017, 42.7009692405273 ], [ -7.492533919935615, 42.703057018142843 ], [ -7.480609070369697, 42.705143398740617 ], [ -7.468683484657163, 42.707228382183523 ], [ -7.456757163183119, 42.709311968334596 ], [ -7.444830106332958, 42.711394157056844 ], [ -7.432902314492299, 42.713474948213388 ], [ -7.430279319896163, 42.704719832242233 ], [ -7.418352418501462, 42.70679886995061 ], [ -7.406424783327022, 42.708876510026428 ], [ -7.394496414759051, 42.710952752333057 ], [ -7.382567313183951, 42.713027596733973 ], [ -7.370637478988387, 42.715101043092673 ], [ -7.358706912559291, 42.717173091272741 ], [ -7.346775614283819, 42.719243741137838 ], [ -7.33484358454938, 42.721312992551681 ], [ -7.322910823743632, 42.723380845378024 ], [ -7.310977332254482, 42.72544729948072 ], [ -7.299043110470072, 42.727512354723672 ], [ -7.287108158778797, 42.729576010970867 ], [ -7.275172477569305, 42.731638268086328 ], [ -7.263236067230483, 42.733699125934159 ], [ -7.251298928151459, 42.735758584378544 ], [ -7.239361060721622, 42.737816643283686 ], [ -7.227422465330589, 42.739873302513914 ], [ -7.21548314236823, 42.74192856193357 ], [ -7.203543092224675, 42.743982421407082 ], [ -7.191602315290273, 42.746034880798945 ], [ -7.179660811955638, 42.748085939973727 ], [ -7.17707305783104, 42.739323229042959 ], [ -7.165132462143544, 42.741372536618826 ], [ -7.153191141272235, 42.74342044391534 ], [ -7.150607675727939, 42.734656863158811 ], [ -7.138667264020206, 42.736703019351431 ], [ -7.136086452150204, 42.727938920506908 ], [ -7.124146950295906, 42.729983326017617 ], [ -7.121568790850696, 42.721218709575972 ], [ -7.109630199538651, 42.723261364826769 ], [ -7.107054691268714, 42.714496231278538 ], [ -7.095117011186733, 42.716537136691457 ], [ -7.083178609610039, 42.718576641984562 ], [ -7.080607384677414, 42.709810642523912 ], [ -7.068669895840914, 42.711848398475325 ], [ -7.056731686724711, 42.713884754246649 ], [ -7.044792757720698, 42.715919709703613 ], [ -7.032853109221014, 42.717953264712001 ], [ -7.030289435235624, 42.709185703880806 ], [ -7.027726773693793, 42.700417976777942 ], [ -7.03966315362926, 42.698385118274153 ], [ -7.037099870562237, 42.68961757294484 ], [ -7.034537599425819, 42.680849861207989 ], [ -7.031976339679091, 42.672081983065198 ], [ -7.020044858317065, 42.674113797855199 ], [ -7.017486241138857, 42.665345405681272 ], [ -7.014928633700861, 42.656576847243265 ], [ -7.012372035463592, 42.64780812254255 ], [ -7.024298623373865, 42.645777350216356 ], [ -7.021741403784669, 42.637008806464763 ], [ -7.033665646052435, 42.634976982776905 ], [ -7.045589172300857, 42.632943760650363 ], [ -7.043029703796331, 42.624175745268239 ], [ -7.040471244579113, 42.615407563211491 ], [ -7.052390798663905, 42.613373638033266 ], [ -7.049831721168477, 42.604605636722034 ], [ -7.04727365244994, 42.595837468600372 ], [ -7.044716591970198, 42.587069133669672 ], [ -7.032801917266828, 42.589102017007434 ], [ -7.030247489816311, 42.580333168265902 ], [ -7.042160539191529, 42.578300631931313 ], [ -7.05407287433486, 42.576266698671589 ], [ -7.051516204384398, 42.567498377199165 ], [ -7.063426200998854, 42.565463394427162 ], [ -7.060868914896854, 42.556695253152569 ], [ -7.058312636014785, 42.547926944797425 ], [ -7.07021867277889, 42.545891260132706 ], [ -7.067661778791985, 42.537123131770116 ], [ -7.065105891516035, 42.528354836191298 ], [ -7.062551010414948, 42.519586373397551 ], [ -7.074451470669412, 42.517550334250416 ], [ -7.071895975535934, 42.508782051106962 ], [ -7.05999713495302, 42.51081774339012 ], [ -7.048097581959025, 42.51285204059716 ], [ -7.04554633113491, 42.504082896858165 ], [ -7.033647686075618, 42.506115452544144 ], [ -7.031099058653294, 42.497345795557557 ], [ -7.019201322201922, 42.499376610141546 ], [ -7.00730287534942, 42.501406029665418 ], [ -6.995403718482801, 42.50343405399682 ], [ -6.99286095301271, 42.494663193207671 ], [ -6.980962707048186, 42.49668947700556 ], [ -6.969063752267854, 42.498714365553575 ], [ -6.97160327625653, 42.507485916553023 ], [ -6.959701991672103, 42.509509754513431 ], [ -6.962240893809155, 42.518281484198546 ], [ -6.950337278396968, 42.520304271162118 ], [ -6.93843295448608, 42.522325662064922 ], [ -6.926527922465146, 42.524345656774877 ], [ -6.92399388869012, 42.515572893538824 ], [ -6.921460852743026, 42.50679996460601 ], [ -6.909558359701644, 42.508817874924596 ], [ -6.897655160173304, 42.510834389201761 ], [ -6.895126366947801, 42.502060607124861 ], [ -6.883224084667018, 42.50407538181652 ], [ -6.880697909854747, 42.495301091041895 ], [ -6.868796545487692, 42.497314126568668 ], [ -6.866272987847634, 42.488539327577641 ], [ -6.854372542059462, 42.490550624360218 ], [ -6.842471392604698, 42.492560525198421 ], [ -6.830569539872689, 42.494569029961077 ], [ -6.818666984253004, 42.496576138517028 ], [ -6.816150912533548, 42.487799805276502 ], [ -6.813635831461137, 42.479023307432854 ], [ -6.811121740508073, 42.4702466449856 ], [ -6.808608639147055, 42.461469817934166 ], [ -6.820504703167826, 42.459464076414463 ], [ -6.817990969388311, 42.450687426176827 ], [ -6.815478224713337, 42.441910611197727 ], [ -6.82737034596088, 42.439904157418432 ], [ -6.824856969930356, 42.431127519051195 ], [ -6.812966468616488, 42.433133631476551 ], [ -6.810455700571744, 42.424356487012645 ], [ -6.822344582517127, 42.422350715805244 ], [ -6.834232764538665, 42.420343550182437 ], [ -6.831719746831143, 42.411566923346392 ], [ -6.843605610573386, 42.409558704935115 ], [ -6.84109196359262, 42.400782254443541 ], [ -6.838579304780695, 42.392005638799496 ], [ -6.826696675281702, 42.394013174625883 ], [ -6.824186620389436, 42.385236052740076 ], [ -6.812304908525198, 42.387241854021077 ], [ -6.800422498406668, 42.389246261715137 ], [ -6.797916662745412, 42.380468293526235 ], [ -6.786035171722459, 42.382470967171145 ], [ -6.774152983636231, 42.38447224717595 ], [ -6.771651366091985, 42.375693434053396 ], [ -6.769150731800409, 42.366914456453109 ], [ -6.757271080934601, 42.368913663258354 ], [ -6.754773045474923, 42.360134181667263 ], [ -6.742894315668702, 42.362131655682106 ], [ -6.731014891207756, 42.364127736288857 ], [ -6.7285210697117, 42.355347412220368 ], [ -6.740398877805646, 42.353351670576302 ], [ -6.737904420501224, 42.344571521259283 ], [ -6.735410943234547, 42.335791207729635 ], [ -6.747284826874954, 42.333794750819116 ], [ -6.744790714864195, 42.325014611840317 ], [ -6.732918445485089, 42.327010729985872 ], [ -6.730426926732719, 42.318230088026525 ], [ -6.742297582413782, 42.316234308511113 ], [ -6.7398054290037, 42.30745384083005 ], [ -6.737314254114326, 42.298673208795584 ], [ -6.749180991942628, 42.296676714305356 ], [ -6.746689183457627, 42.287896256348645 ], [ -6.758553617570365, 42.285898708795628 ], [ -6.756061176507399, 42.277118424852262 ], [ -6.767923307906436, 42.275119824643568 ], [ -6.765430235282142, 42.266339714649014 ], [ -6.762938140787506, 42.257559439891033 ], [ -6.774796361799015, 42.255560126081107 ], [ -6.786653890774965, 42.253559421781262 ], [ -6.798510727331223, 42.251557327120501 ], [ -6.796014787339795, 42.242777903754352 ], [ -6.807869324214772, 42.240774757992327 ], [ -6.805372756677689, 42.231995508451796 ], [ -6.793519826121107, 42.23399831521796 ], [ -6.791025843156719, 42.225218561509934 ], [ -6.788532837928574, 42.21643864262883 ], [ -6.800382557525325, 42.214436513450508 ], [ -6.802877167953974, 42.223216093604975 ], [ -6.814727800801491, 42.221212236214193 ], [ -6.826577741316407, 42.219206989466549 ], [ -6.829076540321934, 42.227985725974364 ], [ -6.840927392643693, 42.225978750521293 ], [ -6.852777551455018, 42.223970385764169 ], [ -6.864627016373532, 42.221960631832268 ], [ -6.876475787017092, 42.219949488854887 ], [ -6.888323863003809, 42.217936956961417 ], [ -6.885817045517607, 42.209159919894098 ], [ -6.883311210230056, 42.200382716575255 ], [ -6.895155386822245, 42.198369476766807 ], [ -6.89264893187027, 42.189592447428751 ], [ -6.904490812939324, 42.187578159810961 ], [ -6.916331999448117, 42.185562484279863 ], [ -6.928172491016228, 42.183545420964862 ], [ -6.940012287263484, 42.181526969995417 ], [ -6.937500415007928, 42.17275113670847 ], [ -6.934989526169435, 42.163975136491906 ], [ -6.946825429827607, 42.161955980104423 ], [ -6.944313926273651, 42.153180153808229 ], [ -6.941803405651761, 42.144404160445873 ], [ -6.953635420210933, 42.142384299046149 ], [ -6.95112428590922, 42.133608479401524 ], [ -6.962954009982634, 42.131587572541228 ], [ -6.974783039284759, 42.129565279565071 ], [ -6.972269697588774, 42.120789974628586 ], [ -6.984096437439993, 42.118766636926985 ], [ -6.99592248217706, 42.116741913571992 ], [ -6.99340693642841, 42.107967123617414 ], [ -7.005230692750151, 42.105941356271472 ], [ -7.017053753616273, 42.103914203734512 ], [ -7.019572484799267, 42.112688310419607 ], [ -7.031396441930209, 42.110659430881235 ], [ -7.033917751001074, 42.119433027476603 ], [ -7.045742603743723, 42.117402420524336 ], [ -7.048266491910404, 42.126175506555924 ], [ -7.060092239610667, 42.124143171777284 ], [ -7.07191728910691, 42.122109451716305 ], [ -7.074445350083931, 42.130881683753216 ], [ -7.086271293091326, 42.128846235380159 ], [ -7.088801935715445, 42.137617955564927 ], [ -7.100628771577513, 42.135580778467563 ], [ -7.103161997056137, 42.144351986324885 ], [ -7.114989725115447, 42.142313080090986 ], [ -7.126816752218948, 42.140272788485774 ], [ -7.129354154254113, 42.149043139362618 ], [ -7.141182072103783, 42.147001118136039 ], [ -7.143722059541523, 42.155770955394274 ], [ -7.155550867477538, 42.153727204134363 ], [ -7.158093441524715, 42.162496527297463 ], [ -7.169923138886269, 42.160451045592275 ], [ -7.181752132536863, 42.158404178429166 ], [ -7.184298886875057, 42.167172641620951 ], [ -7.19612876849552, 42.165124043528621 ], [ -7.198678111987992, 42.17389199133126 ], [ -7.210508880915129, 42.171841661898007 ], [ -7.213060814768178, 42.180609093833731 ], [ -7.22489247033785, 42.178557032647888 ], [ -7.227446995757749, 42.18732394823855 ], [ -7.239279537304793, 42.185270154888485 ], [ -7.251111371587237, 42.183214975924798 ], [ -7.253670082356136, 42.191981027729675 ], [ -7.265502801154271, 42.189924116118917 ], [ -7.268064106031037, 42.19868965028104 ], [ -7.279897708677343, 42.196631005611813 ], [ -7.282461608867668, 42.205396021651815 ], [ -7.294296094693633, 42.203335643512759 ], [ -7.306129870491918, 42.201273879678794 ], [ -7.308697959739359, 42.210038028930654 ], [ -7.320532617251009, 42.20797453114492 ], [ -7.323103304349713, 42.216738160974138 ], [ -7.334938842903833, 42.214672928825522 ], [ -7.337512129058916, 42.223436038751444 ], [ -7.349348547983634, 42.221369071828853 ], [ -7.361184254114279, 42.219300719132427 ], [ -7.363761733022632, 42.228062959262921 ], [ -7.375598318052977, 42.225992871311462 ], [ -7.37817839855206, 42.234754590235362 ], [ -7.380759489106731, 42.243516137564029 ], [ -7.39259854510215, 42.241443963853477 ], [ -7.395182239533448, 42.250204989352675 ], [ -7.407022173202129, 42.248131079224265 ], [ -7.409608472715064, 42.256891582411484 ], [ -7.421449283380214, 42.254815935454339 ], [ -7.424038189179785, 42.263575915846751 ], [ -7.435879876163634, 42.261498531650041 ], [ -7.438471389454809, 42.270257988764385 ], [ -7.441063917666274, 42.279017273715091 ], [ -7.452908074066311, 42.276937800270026 ], [ -7.455503212058471, 42.285696561316918 ], [ -7.467348243539479, 42.283615349468931 ], [ -7.469945992517793, 42.292373586127795 ], [ -7.472544759122741, 42.301131650335257 ], [ -7.484392259568373, 42.29904834725226 ], [ -7.486993639450731, 42.307805886444321 ], [ -7.489596038584062, 42.316563253038908 ], [ -7.501446008099049, 42.314477857485983 ], [ -7.504051022802703, 42.323234698436778 ], [ -7.506657058383822, 42.331991366643436 ], [ -7.518509497070192, 42.329903877384922 ], [ -7.521118150516205, 42.338660019318404 ], [ -7.532971461907576, 42.336570788986201 ], [ -7.535582734425437, 42.345326404159977 ], [ -7.53819503053865, 42.354081846298577 ], [ -7.55005081063149, 42.351990520270306 ], [ -7.55266572811328, 42.360745435018188 ], [ -7.555281670822368, 42.369500176582775 ], [ -7.567139919711124, 42.367406753620848 ], [ -7.569758486087164, 42.37616096716269 ], [ -7.572378079324588, 42.384915007372612 ], [ -7.584238797101012, 42.382819486238603 ], [ -7.586861016305418, 42.391572997792743 ], [ -7.589484264007458, 42.40032633586577 ], [ -7.601347450760577, 42.398228715320478 ], [ -7.60397332673127, 42.406981524103685 ], [ -7.615837383205855, 42.404882159055497 ], [ -7.618465888654141, 42.413634438059475 ], [ -7.621095425332861, 42.422386543286962 ], [ -7.632961950290766, 42.420285076832137 ], [ -7.635594118750915, 42.429036651644694 ], [ -7.638227320083215, 42.437788052530109 ], [ -7.650096313605803, 42.435684483427529 ], [ -7.652732149025005, 42.444435353261326 ], [ -7.655369018960251, 42.453186049016786 ], [ -7.667240481126127, 42.451080376024514 ], [ -7.669879987455404, 42.459830540090628 ], [ -7.681752316898113, 42.45772311991692 ], [ -7.684394460831801, 42.466472751802023 ], [ -7.687037642025971, 42.475222209309976 ], [ -7.698912439599911, 42.47311268324745 ], [ -7.701558260707764, 42.481861607935031 ], [ -7.70420512072547, 42.490610358092788 ], [ -7.716082386501504, 42.488498724897646 ], [ -7.718731888743813, 42.497246941594639 ], [ -7.721382431547512, 42.505994983608595 ], [ -7.733262165593749, 42.503881242036201 ], [ -7.735915352934626, 42.512628749947979 ], [ -7.738569582490598, 42.521376083022957 ], [ -7.750451784872386, 42.5192602318279 ] ] ] } },
{ "type": "Feature", "properties": { "sector": "O Ribeiro — Carballiño" }, "geometry": { "type": "Polygon", "coordinates": [ [ [ -8.404561553985756, 42.326548258242617 ], [ -8.407300552922271, 42.335275674434726 ], [ -8.419128221522401, 42.333081999170695 ], [ -8.421869865180579, 42.341808861684946 ], [ -8.424612580105835, 42.350535540888735 ], [ -8.436442639758413, 42.34833974298077 ], [ -8.439188001673701, 42.357065867851418 ], [ -8.441934436513836, 42.365791809245721 ], [ -8.453766887183813, 42.36359388745884 ], [ -8.456515971283881, 42.372319273863681 ], [ -8.459266129968713, 42.381044476625689 ], [ -8.471100971618151, 42.378844429724154 ], [ -8.473853781834324, 42.387569076839377 ], [ -8.485689437961833, 42.385367275924956 ], [ -8.488444900885384, 42.394091366892091 ], [ -8.476607668297312, 42.396293540144747 ], [ -8.479362631573737, 42.40501781962989 ], [ -8.467523059190041, 42.407218982952287 ], [ -8.470277521874184, 42.415943451040242 ], [ -8.473033061975244, 42.424667735433744 ], [ -8.461189569768568, 42.426868260817137 ], [ -8.463944608367285, 42.435592734034493 ], [ -8.452098773237321, 42.437792248654112 ], [ -8.454853309386221, 42.446516910780041 ], [ -8.443005130259481, 42.448715414244347 ], [ -8.445759163010077, 42.457440265363417 ], [ -8.433908638812671, 42.459637757280582 ], [ -8.436662167215486, 42.46836279747729 ], [ -8.424809296873134, 42.470559277455145 ], [ -8.412955663189512, 42.472754372978635 ], [ -8.401101266528284, 42.474948083906327 ], [ -8.38924610725339, 42.477140410096887 ], [ -8.377390185728999, 42.479331351408995 ], [ -8.365533502319535, 42.481520907701416 ], [ -8.353676057389691, 42.483709078832966 ], [ -8.341817851304379, 42.485895864662552 ], [ -8.329958884428796, 42.488081265049061 ], [ -8.318099157128369, 42.490265279851535 ], [ -8.306238669768769, 42.492447908929002 ], [ -8.294377422715948, 42.494629152140597 ], [ -8.282515416336079, 42.49680900934549 ], [ -8.27065265099559, 42.498987480402903 ], [ -8.258789127061171, 42.501164565172161 ], [ -8.246924844899768, 42.503340263512598 ], [ -8.235059804878553, 42.505514575283648 ], [ -8.22319400736497, 42.507687500344765 ], [ -8.211327452726698, 42.509859038555518 ], [ -8.199460141331677, 42.512029189775468 ], [ -8.187592073548094, 42.51419795386429 ], [ -8.175723249744378, 42.516365330681701 ], [ -8.163853670289225, 42.518531320087497 ], [ -8.151983335551577, 42.520695921941488 ], [ -8.140112245900601, 42.522859136103584 ], [ -8.128240401705753, 42.525020962433743 ], [ -8.116367803336706, 42.527181400791982 ], [ -8.104494451163392, 42.529340451038394 ], [ -8.092620345556018, 42.531498113033109 ], [ -8.080745486884997, 42.53365438663635 ], [ -8.068869875521019, 42.535809271708359 ], [ -8.056993511835023, 42.537962768109452 ], [ -8.045116396198184, 42.540114875700056 ], [ -8.033238528981951, 42.542265594340563 ], [ -8.021359910557985, 42.544414923891537 ], [ -8.009480541298231, 42.546562864213506 ], [ -7.997600421574866, 42.548709415167103 ], [ -7.985719551760321, 42.550854576613034 ], [ -7.973837932227265, 42.552998348412061 ], [ -7.961955563348637, 42.555140730424981 ], [ -7.950072445497608, 42.557281722512663 ], [ -7.938188579047605, 42.559421324536061 ], [ -7.926303964372297, 42.561559536356157 ], [ -7.914418601845613, 42.563696357834019 ], [ -7.917103112026302, 42.572437407646539 ], [ -7.905215398858395, 42.574573202128427 ], [ -7.907899360234629, 42.583314438804862 ], [ -7.896009295362575, 42.585449205890484 ], [ -7.884118482873198, 42.587582581811674 ], [ -7.886800289313372, 42.59632436879803 ], [ -7.874907123986923, 42.598456716580479 ], [ -7.877588378664598, 42.607198690528428 ], [ -7.865692859437686, 42.609330009771092 ], [ -7.853796592830623, 42.611459937026396 ], [ -7.85111855177621, 42.602717237070841 ], [ -7.848441563455054, 42.593974361200317 ], [ -7.836547764251583, 42.596102171075771 ], [ -7.833873434483579, 42.587358756886054 ], [ -7.821980496364263, 42.589484812695659 ], [ -7.819308823935216, 42.58074086068428 ], [ -7.816638201464924, 42.571996733065504 ], [ -7.80474773130929, 42.574120673504112 ], [ -7.802079763856677, 42.565376008710814 ], [ -7.799412844699222, 42.556631168466474 ], [ -7.787524842455388, 42.558752994782978 ], [ -7.784860575995975, 42.55000761801027 ], [ -7.782197356170328, 42.541262065942327 ], [ -7.770311821783583, 42.543381779384845 ], [ -7.767651252337977, 42.534635691433621 ], [ -7.764991727866915, 42.525889428342431 ], [ -7.753108661279749, 42.528007030158285 ], [ -7.750451784872386, 42.5192602318279 ], [ -7.738569582490598, 42.521376083022957 ], [ -7.735915352934626, 42.512628749947979 ], [ -7.733262165593749, 42.503881242036201 ], [ -7.721382431547512, 42.505994983608595 ], [ -7.718731888743813, 42.497246941594639 ], [ -7.716082386501504, 42.488498724897646 ], [ -7.70420512072547, 42.490610358092788 ], [ -7.701558260707764, 42.481861607935031 ], [ -7.698912439599911, 42.47311268324745 ], [ -7.687037642025971, 42.475222209309976 ], [ -7.684394460831801, 42.466472751802023 ], [ -7.681752316898113, 42.45772311991692 ], [ -7.669879987455404, 42.459830540090628 ], [ -7.667240481126127, 42.451080376024514 ], [ -7.655369018960251, 42.453186049016786 ], [ -7.652732149025005, 42.444435353261326 ], [ -7.650096313605803, 42.435684483427529 ], [ -7.638227320083215, 42.437788052530109 ], [ -7.635594118750915, 42.429036651644694 ], [ -7.632961950290766, 42.420285076832137 ], [ -7.621095425332861, 42.422386543286962 ], [ -7.618465888654141, 42.413634438059475 ], [ -7.615837383205855, 42.404882159055497 ], [ -7.60397332673127, 42.406981524103685 ], [ -7.601347450760577, 42.398228715320478 ], [ -7.589484264007458, 42.40032633586577 ], [ -7.586861016305418, 42.391572997792743 ], [ -7.584238797101012, 42.382819486238603 ], [ -7.572378079324588, 42.384915007372612 ], [ -7.569758486087164, 42.37616096716269 ], [ -7.567139919711124, 42.367406753620848 ], [ -7.555281670822368, 42.369500176582775 ], [ -7.55266572811328, 42.360745435018188 ], [ -7.55005081063149, 42.351990520270306 ], [ -7.53819503053865, 42.354081846298577 ], [ -7.535582734425437, 42.345326404159977 ], [ -7.532971461907576, 42.336570788986201 ], [ -7.521118150516205, 42.338660019318404 ], [ -7.518509497070192, 42.329903877384922 ], [ -7.506657058383822, 42.331991366643436 ], [ -7.504051022802703, 42.323234698436778 ], [ -7.501446008099049, 42.314477857485983 ], [ -7.489596038584062, 42.316563253038908 ], [ -7.486993639450731, 42.307805886444321 ], [ -7.484392259568373, 42.29904834725226 ], [ -7.472544759122741, 42.301131650335257 ], [ -7.469945992517793, 42.292373586127795 ], [ -7.467348243539479, 42.283615349468931 ], [ -7.455503212058471, 42.285696561316918 ], [ -7.452908074066311, 42.276937800270026 ], [ -7.441063917666274, 42.279017273715091 ], [ -7.438471389454809, 42.270257988764385 ], [ -7.435879876163634, 42.261498531650041 ], [ -7.424038189179785, 42.263575915846751 ], [ -7.421449283380214, 42.254815935454339 ], [ -7.433289377256834, 42.252738902374908 ], [ -7.445128753970738, 42.250660483306469 ], [ -7.456967413147975, 42.248580678382396 ], [ -7.468805354414824, 42.246499487736116 ], [ -7.480642577397828, 42.244416911501105 ], [ -7.492479081723741, 42.242332949810901 ], [ -7.504314867019568, 42.240247602799101 ], [ -7.516149932912548, 42.238160870599387 ], [ -7.527984279030148, 42.236072753345482 ], [ -7.539817905000101, 42.233983251171182 ], [ -7.537214106082041, 42.225226617643052 ], [ -7.549045423237558, 42.22313608368124 ], [ -7.560876019929062, 42.221044165268438 ], [ -7.572705895785155, 42.218950862538492 ], [ -7.584535050434702, 42.216856175625409 ], [ -7.596363483506769, 42.214760104663171 ], [ -7.608191194630691, 42.212662649785869 ], [ -7.620018183436035, 42.21056381112767 ], [ -7.631844449552593, 42.208463588822724 ], [ -7.643669992610403, 42.206361983005351 ], [ -7.655494812239753, 42.204258993809844 ], [ -7.667318908071154, 42.202154621370596 ], [ -7.679142279735355, 42.200048865822055 ], [ -7.676520474271089, 42.191296306484851 ], [ -7.688341538786757, 42.189189523234255 ], [ -7.700161878826783, 42.187081357344042 ], [ -7.711981494022831, 42.184971808948703 ], [ -7.723800384006787, 42.182860878182893 ], [ -7.735618548410772, 42.180748565181261 ], [ -7.747435986867154, 42.178634870078554 ], [ -7.759252699008532, 42.176519793009533 ], [ -7.771068684467757, 42.174403334109087 ], [ -7.782883942877905, 42.172285493512121 ], [ -7.794698473872301, 42.17016627135358 ], [ -7.806512277084493, 42.168045667768538 ], [ -7.818325352148305, 42.165923682892071 ], [ -7.815685614373054, 42.157175223278415 ], [ -7.827496384010629, 42.155052214778813 ], [ -7.839306425199283, 42.152927825457667 ], [ -7.851115737573694, 42.150802055450185 ], [ -7.862924320768799, 42.148674904891607 ], [ -7.865570363603922, 42.157421933176018 ], [ -7.877379792441109, 42.155293043870998 ], [ -7.880028443805355, 42.164039536350742 ], [ -7.891838717591614, 42.161908907895011 ], [ -7.894489978666999, 42.170654864082778 ], [ -7.897142274707593, 42.179400642644111 ], [ -7.908954968676831, 42.177267915480272 ], [ -7.911609876690256, 42.186013157114793 ], [ -7.923423414321817, 42.18387868965106 ], [ -7.926080935490499, 42.192623393870484 ], [ -7.928739494329657, 42.20136792016293 ], [ -7.94055545159419, 42.199231352018302 ], [ -7.943216625852335, 42.207975340259182 ], [ -7.955033425486151, 42.205837030665059 ], [ -7.957697216346128, 42.214580480365093 ], [ -7.969514857650194, 42.212440428917247 ], [ -7.972181266294784, 42.221183339586801 ], [ -7.974848716402966, 42.229926071878793 ], [ -7.986668776181019, 42.227783917030088 ], [ -7.989338846340035, 42.236526109652885 ], [ -8.001159746486488, 42.234382211800437 ], [ -8.012979908597247, 42.232236932366462 ], [ -8.02479933230781, 42.23009027148786 ], [ -8.036618017253911, 42.227942229301618 ], [ -8.04843596307153, 42.225792805944749 ], [ -8.045758009265425, 42.21705242273616 ], [ -8.057573640172507, 42.214901980825545 ], [ -8.069388531661238, 42.212750158217347 ], [ -8.081202683368508, 42.210596955048686 ], [ -8.093016094931434, 42.208442371456748 ], [ -8.104828765987387, 42.206286407578808 ], [ -8.116640696173967, 42.204129063552138 ], [ -8.128451885129017, 42.201970339514133 ], [ -8.140262332490645, 42.199810235602214 ], [ -8.152072037897174, 42.197648751953885 ], [ -8.149380971102216, 42.18891145768626 ], [ -8.161188363248156, 42.186748958561502 ], [ -8.172995013155079, 42.184585080173441 ], [ -8.184800920462234, 42.182419822659632 ], [ -8.196606084809092, 42.180253186157728 ], [ -8.208410505835372, 42.178085170805431 ], [ -8.220214183181037, 42.175915776740496 ], [ -8.222914669056866, 42.184650883305487 ], [ -8.22561620812712, 42.193385808483704 ], [ -8.237422278580416, 42.191214305082269 ], [ -8.240126440765785, 42.199948683269369 ], [ -8.251933334867031, 42.197775435242029 ], [ -8.254640121339156, 42.206509265944739 ], [ -8.257347963724342, 42.215242914948902 ], [ -8.269157250307121, 42.213067555615346 ], [ -8.271867719234335, 42.221800656489187 ], [ -8.274579245713282, 42.230533575503806 ], [ -8.286390924769757, 42.228356103635711 ], [ -8.289105080047525, 42.237088473873058 ], [ -8.291820294517789, 42.245820662089969 ], [ -8.303634366037326, 42.243641076458211 ], [ -8.306352211564755, 42.252372715249891 ], [ -8.309071117927536, 42.261104171859373 ], [ -8.320887581896685, 42.258922471234072 ], [ -8.323609121576506, 42.267653377769356 ], [ -8.335426405969031, 42.265469929145674 ], [ -8.338150580139148, 42.274200285110652 ], [ -8.34087581787775, 42.282930458577226 ], [ -8.352695494069764, 42.280744892985716 ], [ -8.355423368560491, 42.289474515231383 ], [ -8.358152308267908, 42.298203954815392 ], [ -8.369974376238034, 42.296016271024392 ], [ -8.372705954960935, 42.304745158735855 ], [ -8.375438600550835, 42.31347386362183 ], [ -8.387263060274879, 42.311284060398911 ], [ -8.389998347145156, 42.320012212759714 ], [ -8.401823624660645, 42.317820658905383 ], [ -8.404561553985756, 42.326548258242617 ] ] ] } },
{ "type": "Feature", "properties": { "sector": "Rías Baixas — Pontevedra" }, "geometry": { "type": "MultiPolygon", "coordinates": [ [ [ [ -8.888060756380971, 41.921234598454319 ], [ -8.890839434407333, 41.929950100185188 ], [ -8.893619188964568, 41.938665411970526 ], [ -8.881879247336652, 41.940912764185391 ], [ -8.884658543014739, 41.949628261067481 ], [ -8.887438915834009, 41.958343568127013 ], [ -8.89022036635431, 41.967058685352335 ], [ -8.893002895135872, 41.975773612731743 ], [ -8.881256045324829, 41.97802109723694 ], [ -8.884038114476912, 41.986736210206075 ], [ -8.886821262502261, 41.995451133452249 ], [ -8.875070573475682, 41.997697999670599 ], [ -8.87785326101752, 42.006413108730271 ], [ -8.880637028045154, 42.015128028189942 ], [ -8.883421875120396, 42.023842758037794 ], [ -8.886207802805485, 42.032557298261963 ], [ -8.888994811663039, 42.041271648850511 ], [ -8.891782902256075, 42.04998580979148 ], [ -8.894572075148023, 42.058699781072811 ], [ -8.897362330902691, 42.067413562682447 ], [ -8.900153670084293, 42.07612715460823 ], [ -8.888388337914433, 42.078376034843025 ], [ -8.891179216119715, 42.087089813750353 ], [ -8.893971178369162, 42.095803403096632 ], [ -8.896764225227988, 42.104516802869654 ], [ -8.899558357261812, 42.113230013057134 ], [ -8.887786075198857, 42.115479028770082 ], [ -8.88499349012123, 42.1067654416563 ], [ -8.873221988865598, 42.109012708378884 ], [ -8.876013026536635, 42.117726672225736 ], [ -8.864239211622573, 42.119972943282548 ], [ -8.852464630804381, 42.122217841798978 ], [ -8.849676689297089, 42.113503125065989 ], [ -8.837902891679525, 42.115746274747721 ], [ -8.826128329303719, 42.117988051799806 ], [ -8.828913172847592, 42.126703520645002 ], [ -8.817136296405618, 42.128944300691842 ], [ -8.819920672434689, 42.137659956735334 ], [ -8.822706131170213, 42.146375424199597 ], [ -8.834486108470275, 42.144133892180236 ], [ -8.846265320010616, 42.141890986808839 ], [ -8.858043765442497, 42.139646708226913 ], [ -8.860834959704993, 42.14836085789765 ], [ -8.849054963972069, 42.150605513074147 ], [ -8.851845692802456, 42.15931985044179 ], [ -8.840063379243176, 42.161563508762164 ], [ -8.837274201679969, 42.152848794846371 ], [ -8.825492673177628, 42.15509070307273 ], [ -8.813710378814179, 42.157331237611693 ], [ -8.81649645249059, 42.166046704042031 ], [ -8.819283610054734, 42.174761982004547 ], [ -8.807497444424474, 42.177001894794294 ], [ -8.810284132790169, 42.185717360537751 ], [ -8.798495646993187, 42.187956275035305 ], [ -8.801281865242027, 42.196671928648072 ], [ -8.789491058209265, 42.198909844470435 ], [ -8.777699484912434, 42.20114638526217 ], [ -8.780483676083863, 42.209862602804691 ], [ -8.783268951339883, 42.218578632420858 ], [ -8.771473498626751, 42.220814549742677 ], [ -8.759677279449592, 42.223049091361219 ], [ -8.762460523846327, 42.231765684988602 ], [ -8.750661980124175, 42.233999226444581 ], [ -8.747880294160291, 42.225282257134793 ], [ -8.736082543110935, 42.227514046921804 ], [ -8.738862670190693, 42.236231391718981 ], [ -8.727062594398388, 42.238462180670176 ], [ -8.71526175310005, 42.240691593156562 ], [ -8.703460146648677, 42.242919629036649 ], [ -8.70623667594969, 42.251637912205624 ], [ -8.709014287397167, 42.260356008443679 ], [ -8.697208793206828, 42.262583417430079 ], [ -8.685402533668331, 42.264809449136209 ], [ -8.673595509135803, 42.267034103420563 ], [ -8.676369515186886, 42.275753137572515 ], [ -8.664560162408918, 42.277976788854282 ], [ -8.667333686046122, 42.286696011201464 ], [ -8.67010829144226, 42.2954150471719 ], [ -8.681920773000183, 42.293190646327595 ], [ -8.679144602952586, 42.284471985212008 ], [ -8.690954754316831, 42.282246581267657 ], [ -8.70276413978419, 42.28001979951005 ], [ -8.714572759000252, 42.277791640080892 ], [ -8.717353620291224, 42.286509175456828 ], [ -8.729163035745396, 42.284279262859911 ], [ -8.740971683787791, 42.282047972679422 ], [ -8.738187697262038, 42.273331188775011 ], [ -8.749994015600178, 42.27109889718195 ], [ -8.747209552548865, 42.262382301898583 ], [ -8.759013542255335, 42.26014900927818 ], [ -8.770816764394707, 42.257914339890831 ], [ -8.77360434892385, 42.266630182825232 ], [ -8.785408363203286, 42.264393760345584 ], [ -8.782619218614233, 42.255678293878461 ], [ -8.794420904561381, 42.253440871383077 ], [ -8.806221821883902, 42.251202072546768 ], [ -8.809014085234033, 42.259916785494234 ], [ -8.820815792280742, 42.257676233406862 ], [ -8.818021970229799, 42.248961897511634 ], [ -8.829821349247297, 42.24672034641987 ], [ -8.832616729545704, 42.255434305068064 ], [ -8.835413198895917, 42.264148075274164 ], [ -8.847214924339944, 42.261904393236492 ], [ -8.85901587884514, 42.259659335037362 ], [ -8.856216293323927, 42.25094632020545 ], [ -8.868014919134609, 42.248700263966462 ], [ -8.870816062060156, 42.257412900819325 ], [ -8.873618296163102, 42.266125348773357 ], [ -8.861816555025621, 42.26837216111862 ], [ -8.864618322436471, 42.277084798436569 ], [ -8.867421181649178, 42.285797246978504 ], [ -8.855615550457097, 42.288043439419859 ], [ -8.858417942110135, 42.296756077550342 ], [ -8.861221426189989, 42.305468527027692 ], [ -8.849411901398289, 42.307714099236172 ], [ -8.846609978226654, 42.299001271428146 ], [ -8.843809146962297, 42.2902882551153 ], [ -8.83200197151684, 42.292531693922108 ], [ -8.829203791911985, 42.283818111277988 ], [ -8.817397405646924, 42.286059795409436 ], [ -8.820194024473031, 42.294773755697634 ], [ -8.822991733594884, 42.303487527790018 ], [ -8.825790533583978, 42.312201111674128 ], [ -8.828590425012235, 42.320914507337385 ], [ -8.831391408451969, 42.329627714767184 ], [ -8.834193484475911, 42.338340733950893 ], [ -8.82237695221189, 42.340583308020044 ], [ -8.810559646778641, 42.342824503795725 ], [ -8.807760698883934, 42.33411072842727 ], [ -8.795944185383624, 42.336350167967545 ], [ -8.793147893257165, 42.32763582699895 ], [ -8.781332172433002, 42.329873510700523 ], [ -8.769515680412479, 42.332109816071494 ], [ -8.757698417549905, 42.334344742969286 ], [ -8.760490014265867, 42.343060215715965 ], [ -8.748670414869236, 42.345294140865732 ], [ -8.751461534468531, 42.354009803271495 ], [ -8.754253743569457, 42.362725278456466 ], [ -8.742430239013094, 42.364958578439492 ], [ -8.745221970116082, 42.37367424350731 ], [ -8.733396125890758, 42.375906540920958 ], [ -8.721569510424144, 42.378137458506693 ], [ -8.724359193091342, 42.386853690416537 ], [ -8.712530236777402, 42.389083604706585 ], [ -8.715319438603242, 42.397800026626449 ], [ -8.703488140362651, 42.40002893723311 ], [ -8.69165607103977, 42.402256467190711 ], [ -8.679823230991886, 42.404482616356574 ], [ -8.682608806738946, 42.413199981332518 ], [ -8.670773623488625, 42.41542512574798 ], [ -8.658937669773474, 42.417648888889566 ], [ -8.661721187029562, 42.42636682008753 ], [ -8.673558714561967, 42.424142680811116 ], [ -8.685395471174045, 42.421917160063721 ], [ -8.688183224869945, 42.430634152538246 ], [ -8.69097206839982, 42.439350958744036 ], [ -8.702811201125709, 42.437123303165997 ], [ -8.700020783636271, 42.428406873785498 ], [ -8.711857570310087, 42.426178213650275 ], [ -8.723693584533599, 42.42394817227548 ], [ -8.720901111908173, 42.415232310423065 ], [ -8.73273478126008, 42.413001265219421 ], [ -8.744567677903511, 42.410768839258921 ], [ -8.741773153498034, 42.402053545140696 ], [ -8.753603706450848, 42.399820116078992 ], [ -8.765433486438347, 42.397585306742954 ], [ -8.777262493104324, 42.395349117275636 ], [ -8.789090726092821, 42.393111547820098 ], [ -8.791891530258665, 42.401825330709173 ], [ -8.803720558011614, 42.399586003110493 ], [ -8.815548810918624, 42.39734529561381 ], [ -8.82737628862435, 42.395103208362471 ], [ -8.824570779437733, 42.386390560955888 ], [ -8.836395914161871, 42.384147472979464 ], [ -8.839202990773687, 42.392859741499848 ], [ -8.842011163467701, 42.401571821832967 ], [ -8.853838657195672, 42.39932659627155 ], [ -8.856649494560255, 42.408038109024417 ], [ -8.868477779118072, 42.405791124366964 ], [ -8.871291282316275, 42.414502069032409 ], [ -8.883120356954141, 42.412253324881767 ], [ -8.88593652714888, 42.420963700952278 ], [ -8.874105884371128, 42.423212825173081 ], [ -8.876921585860055, 42.431923392775637 ], [ -8.86508859550416, 42.434171517055823 ], [ -8.867903827359566, 42.442882276279789 ], [ -8.870720159281756, 42.451592847088264 ], [ -8.858883249631097, 42.453840351167194 ], [ -8.847045560855616, 42.456086474405545 ], [ -8.835207093311295, 42.458331216659275 ], [ -8.823367847354396, 42.460574577784328 ], [ -8.826178992548739, 42.469286480087746 ], [ -8.828991236868911, 42.477998194546593 ], [ -8.831804580893376, 42.486709721147669 ], [ -8.819959836323941, 42.488952839917033 ], [ -8.808114312675054, 42.491194576679625 ], [ -8.810925607381822, 42.49990667508829 ], [ -8.813738001898782, 42.50861858591162 ], [ -8.81655149680525, 42.517330309136376 ], [ -8.828401747125577, 42.515087432702721 ], [ -8.831217919611561, 42.523798588126176 ], [ -8.819366092680943, 42.526041844749322 ], [ -8.822181790105988, 42.534753192737107 ], [ -8.824998589660934, 42.543464353086371 ], [ -8.827816491926741, 42.552175325783708 ], [ -8.815959150050654, 42.554418340342863 ], [ -8.818776576426789, 42.563129505966089 ], [ -8.830635497484785, 42.56088611081563 ], [ -8.833455606916857, 42.569596708168604 ], [ -8.836276820805148, 42.578307117829048 ], [ -8.824414739799014, 42.580551274611999 ], [ -8.821595106148912, 42.57184048406031 ], [ -8.809733822861958, 42.574082875881494 ], [ -8.812551875810598, 42.58279404712686 ], [ -8.800688229199571, 42.585035435228768 ], [ -8.788823800325826, 42.587275438772899 ], [ -8.791639793405526, 42.595987183706299 ], [ -8.779773000009229, 42.598226182798136 ], [ -8.776958589549544, 42.589514057614508 ], [ -8.765092597231144, 42.591751291608887 ], [ -8.767905424607887, 42.60046379684475 ], [ -8.770719354429751, 42.609176115260816 ], [ -8.773534387278941, 42.617888246843854 ], [ -8.785405130437198, 42.615649872243104 ], [ -8.788222851570756, 42.624361436477678 ], [ -8.776350523738124, 42.626600191580458 ], [ -8.76447741287104, 42.628837560898688 ], [ -8.767293067853931, 42.637549699229325 ], [ -8.755417588180784, 42.639786062873441 ], [ -8.743541325732931, 42.642021040244686 ], [ -8.746354911166907, 42.650733752464532 ], [ -8.7344762787137, 42.652967723426215 ], [ -8.737289379786706, 42.66168062936795 ], [ -8.725408376230311, 42.663913593527703 ], [ -8.728220991996045, 42.672626693279298 ], [ -8.716337616238208, 42.674858650244424 ], [ -8.704453457765188, 42.677089219760461 ], [ -8.707263996691383, 42.685802893271251 ], [ -8.695377464817858, 42.688032454855524 ], [ -8.698187515542413, 42.696746322302687 ], [ -8.686298609169521, 42.698974875561703 ], [ -8.674408920245643, 42.701202040538199 ], [ -8.677216888770882, 42.709916481572719 ], [ -8.665324824148957, 42.712142637485641 ], [ -8.668132301571193, 42.720857272581959 ], [ -8.656237860151798, 42.723082419036984 ], [ -8.644342636348631, 42.725306176375312 ], [ -8.647148026201549, 42.734021384884876 ], [ -8.63525042440261, 42.736244132025796 ], [ -8.623352040487921, 42.738465489560141 ], [ -8.62615533934944, 42.747181271269945 ], [ -8.614254576241223, 42.749401617866667 ], [ -8.617057379133184, 42.758117593799263 ], [ -8.605154235731291, 42.760336929062774 ], [ -8.602353031286674, 42.751620574366775 ], [ -8.590450704853206, 42.753838140625383 ], [ -8.587652199717981, 42.74512122307496 ], [ -8.575750691010214, 42.747337020734541 ], [ -8.572954883987062, 42.738619540842116 ], [ -8.570160175656167, 42.729901876832798 ], [ -8.567366565435078, 42.721184028718959 ], [ -8.564574052741769, 42.712465996512918 ], [ -8.561782636994616, 42.703747780226905 ], [ -8.558992317612423, 42.695029379873148 ], [ -8.547099613111905, 42.697241522267589 ], [ -8.544311985044036, 42.688522560891442 ], [ -8.541525451642149, 42.679803415620825 ], [ -8.538740012326523, 42.671084086467687 ], [ -8.535955666517824, 42.662364573443952 ], [ -8.533172413637137, 42.653644876561494 ], [ -8.530390253105976, 42.644924995832099 ], [ -8.527609184346257, 42.636204931267528 ], [ -8.51572686335609, 42.638413050149367 ], [ -8.512948478019077, 42.629692426035994 ], [ -8.510171182761914, 42.62097161825924 ], [ -8.507394977007976, 42.612250626830637 ], [ -8.504619860181041, 42.603529451761652 ], [ -8.501845831705303, 42.594808093063691 ], [ -8.499072891005364, 42.586086550748149 ], [ -8.487199344543756, 42.588291030685674 ], [ -8.484429080513705, 42.579568930127508 ], [ -8.481659902574172, 42.570846646122234 ], [ -8.478891810151209, 42.56212417868101 ], [ -8.476124802671293, 42.553401527814898 ], [ -8.473358879561276, 42.544678693534941 ], [ -8.470594040248438, 42.535955675852108 ], [ -8.458729254871491, 42.538156524425425 ], [ -8.455967085496246, 42.529432949799933 ], [ -8.453205998239188, 42.520709191940789 ], [ -8.450445992529032, 42.511985250858729 ], [ -8.447687067794902, 42.503261126564453 ], [ -8.444929223466335, 42.4945368190686 ], [ -8.442172458973278, 42.485812328381776 ], [ -8.43941677374608, 42.477087654514506 ], [ -8.427562319977675, 42.479284506813926 ], [ -8.424809296873134, 42.470559277455145 ], [ -8.436662167215486, 42.46836279747729 ], [ -8.433908638812671, 42.459637757280582 ], [ -8.445759163010077, 42.457440265363417 ], [ -8.443005130259481, 42.448715414244347 ], [ -8.454853309386221, 42.446516910780041 ], [ -8.452098773237321, 42.437792248654112 ], [ -8.463944608367285, 42.435592734034493 ], [ -8.461189569768568, 42.426868260817137 ], [ -8.473033061975244, 42.424667735433744 ], [ -8.470277521874184, 42.415943451040242 ], [ -8.467523059190041, 42.407218982952287 ], [ -8.479362631573737, 42.40501781962989 ], [ -8.476607668297312, 42.396293540144747 ], [ -8.488444900885384, 42.394091366892091 ], [ -8.485689437961833, 42.385367275924956 ], [ -8.473853781834324, 42.387569076839377 ], [ -8.471100971618151, 42.378844429724154 ], [ -8.459266129968713, 42.381044476625689 ], [ -8.456515971283881, 42.372319273863681 ], [ -8.453766887183813, 42.36359388745884 ], [ -8.441934436513836, 42.365791809245721 ], [ -8.439188001673701, 42.357065867851418 ], [ -8.436442639758413, 42.34833974298077 ], [ -8.424612580105835, 42.350535540888735 ], [ -8.421869865180579, 42.341808861684946 ], [ -8.419128221522401, 42.333081999170695 ], [ -8.407300552922271, 42.335275674434726 ], [ -8.404561553985756, 42.326548258242617 ], [ -8.401823624660645, 42.317820658905383 ], [ -8.389998347145156, 42.320012212759714 ], [ -8.387263060274879, 42.311284060398911 ], [ -8.375438600550835, 42.31347386362183 ], [ -8.372705954960935, 42.304745158735855 ], [ -8.369974376238034, 42.296016271024392 ], [ -8.358152308267908, 42.298203954815392 ], [ -8.355423368560491, 42.289474515231383 ], [ -8.352695494069764, 42.280744892985716 ], [ -8.34087581787775, 42.282930458577226 ], [ -8.338150580139148, 42.274200285110652 ], [ -8.335426405969031, 42.265469929145674 ], [ -8.323609121576506, 42.267653377769356 ], [ -8.320887581896685, 42.258922471234072 ], [ -8.309071117927536, 42.261104171859373 ], [ -8.306352211564755, 42.252372715249891 ], [ -8.303634366037326, 42.243641076458211 ], [ -8.291820294517789, 42.245820662089969 ], [ -8.289105080047525, 42.237088473873058 ], [ -8.286390924769757, 42.228356103635711 ], [ -8.274579245713282, 42.230533575503806 ], [ -8.271867719234335, 42.221800656489187 ], [ -8.269157250307121, 42.213067555615346 ], [ -8.257347963724342, 42.215242914948902 ], [ -8.254640121339156, 42.206509265944739 ], [ -8.251933334867031, 42.197775435242029 ], [ -8.240126440765785, 42.199948683269369 ], [ -8.237422278580416, 42.191214305082269 ], [ -8.22561620812712, 42.193385808483704 ], [ -8.222914669056866, 42.184650883305487 ], [ -8.220214183181037, 42.175915776740496 ], [ -8.217514749947286, 42.16718048879661 ], [ -8.214816368803659, 42.158445019481654 ], [ -8.226616167076632, 42.156274977029163 ], [ -8.22391727074829, 42.147539691229355 ], [ -8.235714759215307, 42.145368635810343 ], [ -8.233015348646173, 42.13663353344387 ], [ -8.244810528353842, 42.134461465447004 ], [ -8.256604964700266, 42.132288020077652 ], [ -8.253903476481426, 42.123553466245561 ], [ -8.265695605195276, 42.121379009021304 ], [ -8.277486990270665, 42.119203174896896 ], [ -8.289277631350096, 42.117025964010075 ], [ -8.286572506283438, 42.108292324563756 ], [ -8.298360840939267, 42.106114102878706 ], [ -8.310148431323906, 42.103934504903442 ], [ -8.321935277080758, 42.10175353077576 ], [ -8.319226521719456, 42.093020806631102 ], [ -8.331011062264, 42.090838822760816 ], [ -8.328301801246555, 42.082106281985652 ], [ -8.340084037625243, 42.079923288759339 ], [ -8.342794857907528, 42.088655463210152 ], [ -8.354577908294321, 42.086470728117071 ], [ -8.357291343022318, 42.095202352857541 ], [ -8.369075206706913, 42.093015875499781 ], [ -8.366360213068932, 42.084284617619538 ], [ -8.378141771876127, 42.082097131855612 ], [ -8.37542627643454, 42.073366057553763 ], [ -8.387205531411862, 42.071177563769567 ], [ -8.389922584360932, 42.079908270963394 ], [ -8.401702650168616, 42.077718035081034 ], [ -8.413481968944675, 42.075526424346762 ], [ -8.425260540334868, 42.073333438898828 ], [ -8.437038363985181, 42.071139078875596 ], [ -8.439762701843039, 42.079868131482669 ], [ -8.451541333228132, 42.077672028792485 ], [ -8.454268287267718, 42.086400528817812 ], [ -8.466047725673555, 42.084202683063971 ], [ -8.477826414396546, 42.082003462759559 ], [ -8.489604353083321, 42.079802868043345 ], [ -8.501381541380768, 42.077600899054062 ], [ -8.513157978935995, 42.0753975559306 ], [ -8.515893771616135, 42.084124026070491 ], [ -8.527671012296809, 42.081918939261321 ], [ -8.524933665396379, 42.073192838811856 ], [ -8.522197382527672, 42.064466553133663 ], [ -8.533970764282618, 42.062260831899103 ], [ -8.545743394680521, 42.060053737142049 ], [ -8.543005070252461, 42.051328005630936 ], [ -8.554775397087006, 42.049119907475557 ], [ -8.55751527336964, 42.057845269001504 ], [ -8.569286399998468, 42.055635427616501 ], [ -8.581056774215766, 42.053424213126149 ], [ -8.592826395670512, 42.051211625669609 ], [ -8.595571991450091, 42.05993568998408 ], [ -8.607342410393262, 42.057721358792413 ], [ -8.619112075429275, 42.055505654718736 ], [ -8.630880986207709, 42.053288577902478 ], [ -8.642649142378357, 42.051070128483097 ], [ -8.639897346852361, 42.042347548966852 ], [ -8.651663199237756, 42.040128098768811 ], [ -8.648910924056985, 42.031405704122456 ], [ -8.660674473711362, 42.029185253527835 ], [ -8.657921719794299, 42.020463043664869 ], [ -8.655170034451347, 42.011740646862179 ], [ -8.666929736035632, 42.009519567889321 ], [ -8.664177572832292, 42.000797355648437 ], [ -8.675934974750984, 41.998575277090609 ], [ -8.673182334603496, 41.989853249324902 ], [ -8.684937437908989, 41.987630171563183 ], [ -8.696691787173634, 41.985405723197303 ], [ -8.708445382049895, 41.983179904366636 ], [ -8.720198222190488, 41.980952715210591 ], [ -8.731950307248379, 41.978724155868647 ], [ -8.729191019648745, 41.970003800774371 ], [ -8.740940807529393, 41.967774243939367 ], [ -8.752689840077542, 41.965543317390434 ], [ -8.749928540395219, 41.956823519389232 ], [ -8.747168311125197, 41.948103533192331 ], [ -8.744409151710972, 41.939383358810439 ], [ -8.756152809068833, 41.937152180630854 ], [ -8.753393180139646, 41.928432190431721 ], [ -8.765134544430747, 41.926200015944659 ], [ -8.776875154124655, 41.923966472932356 ], [ -8.788615008876578, 41.921731561534187 ], [ -8.785851836946085, 41.913012500815533 ], [ -8.79758939987815, 41.910776594151869 ], [ -8.800354108341965, 41.919495281889596 ], [ -8.81209245217652, 41.917257634138082 ], [ -8.809326207622343, 41.908539319573322 ], [ -8.821062259834761, 41.906300677219392 ], [ -8.832797556171739, 41.904060667229594 ], [ -8.830029313032666, 41.895342910270145 ], [ -8.841762318898608, 41.893101906387045 ], [ -8.838993613725282, 41.884384333579554 ], [ -8.850724330171429, 41.882142336180472 ], [ -8.847955163866319, 41.873424947436469 ], [ -8.859683591943496, 41.871181956898425 ], [ -8.8714112641029, 41.868937599857468 ], [ -8.874183494666175, 41.877654241020281 ], [ -8.885911942030262, 41.875408143538365 ], [ -8.888686777748365, 41.884124220600981 ], [ -8.876956798413097, 41.886370692306215 ], [ -8.879731175900561, 41.895086953703995 ], [ -8.882506627685851, 41.90380302520223 ], [ -8.870772824853097, 41.906048878662794 ], [ -8.87354781755699, 41.914765134719573 ], [ -8.885283154326631, 41.912518906789494 ], [ -8.888060756380971, 41.921234598454319 ] ], [ [ -8.624884489954413, 42.35011812567361 ], [ -8.62765775206932, 42.358837918891815 ], [ -8.639483470738405, 42.356618164593492 ], [ -8.636708638564327, 42.347898746131925 ], [ -8.633934889460276, 42.339179141814228 ], [ -8.645756702513964, 42.33695875723734 ], [ -8.642982467355568, 42.328239341733592 ], [ -8.640209314655243, 42.319519740249191 ], [ -8.652027225647398, 42.317298725732684 ], [ -8.663844370808183, 42.315076332248019 ], [ -8.661069166341512, 42.306357294112061 ], [ -8.65829504424547, 42.29763806972376 ], [ -8.655522003952361, 42.28891865909447 ], [ -8.643709557026458, 42.291139928749466 ], [ -8.64093916299983, 42.282419957574767 ], [ -8.629127517078965, 42.284639474730668 ], [ -8.617315107487793, 42.286857613561892 ], [ -8.620082370100185, 42.295578332779669 ], [ -8.608267630811383, 42.297795466872117 ], [ -8.611034406180034, 42.306516374175118 ], [ -8.622850712376477, 42.304298866208676 ], [ -8.625620134883341, 42.313019213837791 ], [ -8.613802261254513, 42.315237095825154 ], [ -8.61657119660171, 42.323957631811162 ], [ -8.619341212788896, 42.332677982122036 ], [ -8.607519437506411, 42.33489523300269 ], [ -8.610288965641432, 42.343615771892686 ], [ -8.613059575226341, 42.35233612523232 ], [ -8.624884489954413, 42.35011812567361 ] ] ], [ [ [ -8.898380425209664, 42.187431567054112 ], [ -8.901181245718337, 42.196143826728218 ], [ -8.889393476943082, 42.198393493278957 ], [ -8.886594208923526, 42.189680855736988 ], [ -8.898380425209664, 42.187431567054112 ] ] ], [ [ [ -8.901181245718337, 42.196143826728218 ], [ -8.912968244175527, 42.193892786036216 ], [ -8.91577170705842, 42.202604478085554 ], [ -8.90398315604981, 42.204855896987262 ], [ -8.901181245718337, 42.196143826728218 ] ] ], [ [ [ -8.906786156773721, 42.213567777818547 ], [ -8.918576260849312, 42.211315980559071 ], [ -8.921381906118427, 42.220027293443927 ], [ -8.909590248460113, 42.22227946920934 ], [ -8.906786156773721, 42.213567777818547 ] ] ], [ [ [ -8.900601447788969, 42.233242150649204 ], [ -8.897797819122649, 42.224530270251648 ], [ -8.909590248460113, 42.22227946920934 ], [ -8.912395431679428, 42.230990971146809 ], [ -8.900601447788969, 42.233242150649204 ] ] ], [ [ [ -8.906211980454643, 42.250665343477728 ], [ -8.903406168042608, 42.241953841728858 ], [ -8.915201707002536, 42.239702283618122 ], [ -8.918009075000679, 42.248413406610354 ], [ -8.906211980454643, 42.250665343477728 ] ] ], [ [ [ -8.930969045890389, 42.366153127433279 ], [ -8.928150546047595, 42.35744370767982 ], [ -8.939967126172908, 42.355188591920658 ], [ -8.942787188795144, 42.363897631177544 ], [ -8.945608351613274, 42.3726064809184 ], [ -8.948430615204462, 42.381315141129598 ], [ -8.936609345181445, 42.383571398826511 ], [ -8.939431145784058, 42.392280250439129 ], [ -8.927607531761753, 42.394535510372172 ], [ -8.924787295958081, 42.385826278010107 ], [ -8.921968160464495, 42.377116856403561 ], [ -8.933788645409349, 42.374862357820042 ], [ -8.930969045890389, 42.366153127433279 ] ] ], [ [ [ -8.90285666765382, 42.47322199446652 ], [ -8.905680549698602, 42.481931049440682 ], [ -8.893838915296447, 42.48418283833837 ], [ -8.881996499213557, 42.486433245898787 ], [ -8.884818340154673, 42.495142874427877 ], [ -8.872973569496743, 42.497392281380591 ], [ -8.861128017408936, 42.499640306510415 ], [ -8.858309323430326, 42.490929916429671 ], [ -8.846464564443016, 42.493176179111252 ], [ -8.843648546026122, 42.484465220515716 ], [ -8.855491731365182, 42.482219338165379 ], [ -8.852675240633804, 42.473508571730989 ], [ -8.864516073160202, 42.47126168818474 ], [ -8.86169911104564, 42.462551113822357 ], [ -8.873537591849184, 42.46030322946789 ], [ -8.870720159281756, 42.451592847088264 ], [ -8.88255628945187, 42.449343962312909 ], [ -8.885375292711645, 42.458053964220724 ], [ -8.897212213277376, 42.455803318225136 ], [ -8.900033889040111, 42.464512750723422 ], [ -8.911871599247647, 42.462260343109989 ], [ -8.923708527986605, 42.460006554840774 ], [ -8.920883712097361, 42.45129788456606 ], [ -8.932718289641617, 42.449043097191407 ], [ -8.935544674901935, 42.457751386060359 ], [ -8.938372164582223, 42.466459485724577 ], [ -8.941200759263163, 42.475167396170136 ], [ -8.929361472037447, 42.477423328211884 ], [ -8.917521402064137, 42.479677879350298 ], [ -8.914695948678599, 42.470969205689528 ], [ -8.90285666765382, 42.47322199446652 ] ] ], [ [ [ -8.86959071662873, 42.525770347515994 ], [ -8.88144099300486, 42.523521179454626 ], [ -8.884265676256716, 42.532230435388421 ], [ -8.872413824066454, 42.534479984726886 ], [ -8.86959071662873, 42.525770347515994 ] ] ], [ [ [ -8.866207564732955, 42.554147623574188 ], [ -8.863383824406526, 42.5454379815001 ], [ -8.860561188953902, 42.536728151310683 ], [ -8.872413824066454, 42.534479984726886 ], [ -8.875238036322338, 42.543189433686116 ], [ -8.878063353978566, 42.551898694379908 ], [ -8.866207564732955, 42.554147623574188 ] ] ], [ [ [ -8.857174259459038, 42.565105004753107 ], [ -8.854350991996553, 42.556395169474847 ], [ -8.866207564732955, 42.554147623574188 ], [ -8.869032410515585, 42.562857077519169 ], [ -8.857174259459038, 42.565105004753107 ] ] ], [ [ [ -8.83461902520102, 42.495421059877742 ], [ -8.846464564443016, 42.493176179111252 ], [ -8.849281684248048, 42.501886949672866 ], [ -8.837434570371141, 42.504132210723462 ], [ -8.83461902520102, 42.495421059877742 ] ] ], [ [ [ -8.827816491926741, 42.552175325783708 ], [ -8.839673051850472, 42.549930927693715 ], [ -8.842493636127644, 42.55864133193694 ], [ -8.830635497484785, 42.56088611081563 ], [ -8.827816491926741, 42.552175325783708 ] ] ] ] } },
{ "type": "Feature", "properties": { "sector": "Costa da Morte — Barbanza" }, "geometry": { "type": "MultiPolygon", "coordinates": [ [ [ [ -9.286041627725483, 42.945560007157532 ], [ -9.288960426709851, 42.954250842815014 ], [ -9.277039754773634, 42.956550434326473 ], [ -9.279958107446184, 42.965241471331048 ], [ -9.268035024080692, 42.967540066153816 ], [ -9.256111124552804, 42.969837270307842 ], [ -9.259027433572898, 42.978528902341885 ], [ -9.261944890814686, 42.987220342323766 ], [ -9.26486349688801, 42.995911590235139 ], [ -9.252933989295773, 42.998208584204491 ], [ -9.255852146326706, 43.006900033883149 ], [ -9.267783252403127, 43.004602646057542 ], [ -9.270704157970744, 43.01329350977251 ], [ -9.28263604483627, 43.010994336122131 ], [ -9.28555970012942, 43.019684613344495 ], [ -9.288484507229709, 43.028374698266283 ], [ -9.291410466749353, 43.037064590868759 ], [ -9.294337579301011, 43.045754291133143 ], [ -9.297265845497769, 43.054443799040577 ], [ -9.285325958001463, 43.056744946084599 ], [ -9.282399292995519, 43.048055043186167 ], [ -9.270460186516107, 43.050354402630902 ], [ -9.258520260225941, 43.052652369315631 ], [ -9.261443721387641, 43.061343061598841 ], [ -9.249501372997038, 43.063640029765537 ], [ -9.252424383631295, 43.072330924691315 ], [ -9.255348547004379, 43.081021627847377 ], [ -9.258273863729897, 43.089712139215031 ], [ -9.246325883142484, 43.09200889763877 ], [ -9.234377081885563, 43.094304262049789 ], [ -9.231454975134286, 43.085612961556286 ], [ -9.219506959291687, 43.087906537539283 ], [ -9.222427460324051, 43.096598232296252 ], [ -9.225349113717739, 43.105289735714727 ], [ -9.228271920086632, 43.113981047776157 ], [ -9.216318264565137, 43.11627441230209 ], [ -9.213397065474503, 43.107582705864665 ], [ -9.210477018823118, 43.098890808226358 ], [ -9.198525757748193, 43.101181989688406 ], [ -9.195608469616438, 43.092489507003904 ], [ -9.183657996514613, 43.094778900182327 ], [ -9.18657367746501, 43.103471776530711 ], [ -9.174620778339536, 43.105760168601684 ], [ -9.162667060738045, 43.108047165749767 ], [ -9.165580675543588, 43.116740638267217 ], [ -9.168495440641161, 43.125433920207996 ], [ -9.171411356644057, 43.134127011553872 ], [ -9.18336990193559, 43.131838833679069 ], [ -9.180452376165217, 43.123146136064776 ], [ -9.192408492238243, 43.120856956598232 ], [ -9.195327627288078, 43.129549260280619 ], [ -9.207284532334755, 43.127258291510344 ], [ -9.2102064293071, 43.13595000997887 ], [ -9.198247914932104, 43.138241373037509 ], [ -9.201169355784931, 43.146933294850378 ], [ -9.213129480025481, 43.144641537347063 ], [ -9.216053685105143, 43.15333287359627 ], [ -9.218979045161767, 43.16202401870779 ], [ -9.207015699577539, 43.164316565569742 ], [ -9.204091950461578, 43.155625025700672 ], [ -9.192129394045578, 43.157915781832223 ], [ -9.180166016224401, 43.160205141838787 ], [ -9.183086541990487, 43.168897470621495 ], [ -9.186008221735047, 43.177589608717248 ], [ -9.174040797519572, 43.179878360914969 ], [ -9.17696201837169, 43.188570702773902 ], [ -9.164992158531231, 43.190858452408939 ], [ -9.162072551655763, 43.182165716282135 ], [ -9.150103484512011, 43.184451674666647 ], [ -9.15302147692125, 43.193144804860367 ], [ -9.141049973910588, 43.195429759976015 ], [ -9.143967504415672, 43.204123093937241 ], [ -9.131993564387827, 43.206407045386051 ], [ -9.129077649868369, 43.197713317603814 ], [ -9.126162887859731, 43.189019399879498 ], [ -9.114191359089373, 43.19130116640391 ], [ -9.11127936436937, 43.182606665448418 ], [ -9.099308631677232, 43.184886641276229 ], [ -9.102219010515459, 43.193581535337763 ], [ -9.090245842507754, 43.195860506529264 ], [ -9.087337080039715, 43.187165219563028 ], [ -9.084429467229269, 43.178469743159205 ], [ -9.072458713333029, 43.180746531205997 ], [ -9.060487141719184, 43.183021921610013 ], [ -9.048514752758015, 43.185295914219786 ], [ -9.051417515155139, 43.193992567661077 ], [ -9.039442691437696, 43.196265554267789 ], [ -9.042344983544213, 43.204962410837332 ], [ -9.030367723923806, 43.207234391041808 ], [ -9.033269544779655, 43.215931450831576 ], [ -9.021289848109127, 43.218202424234242 ], [ -9.00930933411334, 43.220471998631396 ], [ -9.012209061884914, 43.229169653537213 ], [ -9.000226109575745, 43.231438220379061 ], [ -8.997328003164409, 43.222740173871614 ], [ -8.985345855634757, 43.225006949803479 ], [ -8.973362891897059, 43.22727232627571 ], [ -8.961379112324277, 43.229536303137039 ], [ -8.949394517289621, 43.231798880236255 ], [ -8.946504045552205, 43.223099081741594 ], [ -8.94361471756134, 43.21439909565914 ], [ -8.931632553392765, 43.216659492132841 ], [ -8.93452025867942, 43.225359868493804 ], [ -8.922535657578436, 43.227619255384433 ], [ -8.925422882329014, 43.236319834543906 ], [ -8.937409107166614, 43.234060057422234 ], [ -8.940299099466372, 43.242760058901183 ], [ -8.952286133385845, 43.240498491126097 ], [ -8.955178894453557, 43.24919791439406 ], [ -8.958072801105878, 43.257897150022956 ], [ -8.960967853956376, 43.266596197995625 ], [ -8.972958945506717, 43.264332056796079 ], [ -8.984949219644827, 43.262066515023669 ], [ -8.987848669809512, 43.270764592291663 ], [ -8.990749268494381, 43.279462481557182 ], [ -8.978755743796141, 43.281728806719457 ], [ -8.966761400708386, 43.283993730903106 ], [ -8.95476623960565, 43.286257253956443 ], [ -8.957663107658192, 43.294956130379347 ], [ -8.945665501348145, 43.29721864347033 ], [ -8.942770260862735, 43.288519375727809 ], [ -8.930773464854713, 43.290780096065646 ], [ -8.918775851956942, 43.293039414818445 ], [ -8.90677742254505, 43.295297331834725 ], [ -8.909667777397891, 43.303997772316215 ], [ -8.912559278165563, 43.312698025850942 ], [ -8.915451925462769, 43.321398092421809 ], [ -8.903447789702074, 43.323655779535201 ], [ -8.900556773024649, 43.314955322147028 ], [ -8.888553451145434, 43.317211215996586 ], [ -8.876549312904714, 43.319465707248142 ], [ -8.864544358679552, 43.321718795750321 ], [ -8.861659381121488, 43.313016980791502 ], [ -8.849655243311512, 43.315268276546597 ], [ -8.852538588847297, 43.323970481351758 ], [ -8.855423078160809, 43.332672499970784 ], [ -8.843414860037774, 43.334923172317879 ], [ -8.846298860130192, 43.343625394687123 ], [ -8.834288192566758, 43.345875053375593 ], [ -8.83140582657539, 43.337172441257529 ], [ -8.828524603872255, 43.328469643247409 ], [ -8.816516389485535, 43.330717119239246 ], [ -8.813637942941549, 43.322013746119758 ], [ -8.801630548431522, 43.324259429576571 ], [ -8.798754876816419, 43.315555481878789 ], [ -8.795880345546184, 43.306851348648586 ], [ -8.783875405066434, 43.309094851468068 ], [ -8.781003646330642, 43.300390144361401 ], [ -8.768999527259965, 43.302631855830846 ], [ -8.756994597175449, 43.304872164160003 ], [ -8.754127242964184, 43.296166495910043 ], [ -8.742123135949736, 43.298405013356032 ], [ -8.739258551745058, 43.289698772648272 ], [ -8.727255268596332, 43.291935499624238 ], [ -8.715251176540056, 43.2941708234179 ], [ -8.712390994678957, 43.285463623906971 ], [ -8.700387728146072, 43.287697157698339 ], [ -8.688383653948124, 43.289929288211979 ], [ -8.691240567222339, 43.298637260857966 ], [ -8.679234050720327, 43.300868374204349 ], [ -8.667226726829616, 43.303098083768361 ], [ -8.655218595930618, 43.305326389400157 ], [ -8.643209658403997, 43.307553290949961 ], [ -8.631199914630676, 43.309778788268012 ], [ -8.619189364991895, 43.312002881204634 ], [ -8.607178009869124, 43.314225569610237 ], [ -8.610024597461583, 43.322936058618055 ], [ -8.598010798282173, 43.325157727320978 ], [ -8.595165849644124, 43.31644685333525 ], [ -8.583152884698936, 43.318666732230206 ], [ -8.57113911541585, 43.320885206145654 ], [ -8.56829857405355, 43.312173380126957 ], [ -8.556285640658363, 43.314390064706238 ], [ -8.544271904172188, 43.316605344213173 ], [ -8.532257364977943, 43.318819218498618 ], [ -8.520242023458851, 43.321031687413502 ], [ -8.523076002560098, 43.329745049026279 ], [ -8.511058217331573, 43.331956495805095 ], [ -8.499039630064678, 43.334166536709169 ], [ -8.501871449717664, 43.34288048310875 ], [ -8.489850417507428, 43.345089501113293 ], [ -8.492681718485185, 43.353803649002039 ], [ -8.495514144682438, 43.362517615241607 ], [ -8.48348902150069, 43.364725993162054 ], [ -8.480658240194261, 43.356011643698373 ], [ -8.468633960056923, 43.358218231660103 ], [ -8.456608878458551, 43.360423412738243 ], [ -8.45943636853977, 43.369138528030049 ], [ -8.447408839531986, 43.371342684679526 ], [ -8.450235806859428, 43.380058001524638 ], [ -8.438205829304577, 43.382261133335767 ], [ -8.435380509354038, 43.373545433940691 ], [ -8.423351378392304, 43.375746775664673 ], [ -8.420528828755117, 43.367030513182158 ], [ -8.408500545171847, 43.369230065237318 ], [ -8.411321447033433, 43.377946709702648 ], [ -8.41414347078774, 43.386663173576331 ], [ -8.402111090599686, 43.388862081707956 ], [ -8.390077910308277, 43.391059581648769 ], [ -8.387259184672228, 43.382342354125576 ], [ -8.399290715664343, 43.38014523590585 ], [ -8.396471462058527, 43.371428209664913 ], [ -8.384441579802159, 43.37362494631634 ], [ -8.381625095094106, 43.364907358234539 ], [ -8.393653329178042, 43.362711002998736 ], [ -8.390836316419151, 43.353993615920771 ], [ -8.378809729944551, 43.356189589893582 ], [ -8.375995483750401, 43.347471641306832 ], [ -8.388020423178524, 43.345276048444468 ], [ -8.385205648853312, 43.336558300583214 ], [ -8.373182355909019, 43.338753512487578 ], [ -8.361158266124713, 43.34094731729612 ], [ -8.349133379887229, 43.343139714860762 ], [ -8.351943213325857, 43.351858604974531 ], [ -8.354754163990943, 43.360577315160519 ], [ -8.342725185286582, 43.362769066158108 ], [ -8.345535604734193, 43.371487977044126 ], [ -8.333504179870328, 43.373678700520287 ], [ -8.336314067095948, 43.382397812190376 ], [ -8.348347142048963, 43.380206708128448 ], [ -8.360379419409684, 43.378014195696558 ], [ -8.363193725369054, 43.386732366020141 ], [ -8.351159797833741, 43.388925259397901 ], [ -8.3539735726918, 43.397643630839269 ], [ -8.341937195866189, 43.399835496530123 ], [ -8.329900020878176, 43.402025953287165 ], [ -8.31786204811678, 43.404215000961976 ], [ -8.305823277971266, 43.40640263940621 ], [ -8.303016110863958, 43.397682745649234 ], [ -8.300210060568197, 43.388962672673856 ], [ -8.297405126481618, 43.380242420492991 ], [ -8.285370517048756, 43.382427509838379 ], [ -8.273335112446146, 43.38461119028107 ], [ -8.261298913063312, 43.386793461673179 ], [ -8.258500050328001, 43.378071892116665 ], [ -8.255702300900573, 43.369350143836172 ], [ -8.252905664180654, 43.360628216844205 ], [ -8.240873627316141, 43.362807942559016 ], [ -8.23807975387404, 43.35408545834516 ], [ -8.250110139568301, 43.35190611115322 ], [ -8.247315726464032, 43.343183826775615 ], [ -8.235286991374057, 43.34536279559628 ], [ -8.232495339217364, 43.336639954324653 ], [ -8.220467463023036, 43.338817136828027 ], [ -8.217678570559332, 43.330093739185386 ], [ -8.205651554034294, 43.33226913579162 ], [ -8.208438796075026, 43.340992911086765 ], [ -8.211227146728616, 43.349716508174019 ], [ -8.199196037952269, 43.351891251636701 ], [ -8.196409338762836, 43.343167276953771 ], [ -8.193623747619753, 43.334443124214189 ], [ -8.181595151705293, 43.336615704306176 ], [ -8.178812318816783, 43.327890996436679 ], [ -8.176030592214104, 43.31916611068533 ], [ -8.164004509181781, 43.321336528696783 ], [ -8.161225538414966, 43.312611088500127 ], [ -8.149200318229234, 43.314779721936745 ], [ -8.146424102042729, 43.306053727816106 ], [ -8.143648989222381, 43.297327556150037 ], [ -8.131626282610661, 43.299494029574788 ], [ -8.128853921954073, 43.290767304667582 ], [ -8.12608266290896, 43.282040402388176 ], [ -8.114062469882874, 43.284204717089267 ], [ -8.111293960586657, 43.275477262250519 ], [ -8.108526551149541, 43.266749630212182 ], [ -8.096508871717655, 43.268911787477016 ], [ -8.093744209616272, 43.260183603560044 ], [ -8.090980645623922, 43.251455242615521 ], [ -8.078965479791737, 43.253615243730742 ], [ -8.076204660723644, 43.24488633158721 ], [ -8.07344493801682, 43.236157242587566 ], [ -8.061432285786779, 43.238315088838966 ], [ -8.058675305594429, 43.229585449318883 ], [ -8.055919420017901, 43.220855633113558 ], [ -8.0439092813894, 43.223011325786125 ], [ -8.041156135919254, 43.214280959737849 ], [ -8.038404083321758, 43.205550417174599 ], [ -8.026396458291185, 43.207703957552525 ], [ -8.023647143393665, 43.198972865822739 ], [ -8.020898919627957, 43.190241597747665 ], [ -8.008893808188654, 43.192392987114332 ], [ -8.006148319718209, 43.183661170548078 ], [ -7.994144077210258, 43.18581078198546 ], [ -7.99140132278329, 43.177078417443617 ], [ -7.988659656598337, 43.168345876884295 ], [ -7.976657928325557, 43.170493339369649 ], [ -7.97391899378155, 43.161760251508348 ], [ -7.971181145744516, 43.153026987797674 ], [ -7.959181931691799, 43.155172302612449 ], [ -7.956446812894882, 43.146438492272353 ], [ -7.953712778872146, 43.137704506250429 ], [ -7.965708706855851, 43.135559932866769 ], [ -7.962974114837553, 43.126826141665696 ], [ -7.974967628841885, 43.124680534167652 ], [ -7.986960370665681, 43.122533522205671 ], [ -7.998952339921171, 43.120385105923475 ], [ -8.010943536220852, 43.118235285464827 ], [ -8.013684692354746, 43.126967592618385 ], [ -8.025676755181369, 43.124815996597029 ], [ -8.037668043814028, 43.122662996479903 ], [ -8.04965855786582, 43.120508592411028 ], [ -8.061648296950089, 43.118352784534558 ], [ -8.073637260680465, 43.116195572994663 ], [ -8.085625448670834, 43.114036957935596 ], [ -8.097612860535323, 43.111876939501691 ], [ -8.100366576959775, 43.120606464143243 ], [ -8.112354849492451, 43.118444669351895 ], [ -8.124342344662779, 43.116281471267961 ], [ -8.13632906208551, 43.114116870036064 ], [ -8.148315001375655, 43.11195086580085 ], [ -8.160300162148484, 43.109783458707042 ], [ -8.17228454401954, 43.107614648899421 ], [ -8.184268146604616, 43.105444436522859 ], [ -8.196250969519783, 43.103272821722243 ], [ -8.199018866351624, 43.111999176909734 ], [ -8.2110025432219, 43.109825784903606 ], [ -8.222985439187843, 43.107650990557552 ], [ -8.234967553866102, 43.105474794016779 ], [ -8.24694888687363, 43.103297195426514 ], [ -8.258929437827621, 43.101118194932091 ], [ -8.270909206345536, 43.098937792678896 ], [ -8.282888192045098, 43.096755988812362 ], [ -8.285668617625777, 43.105479535474082 ], [ -8.297648451414943, 43.103295953623743 ], [ -8.309627501153049, 43.10111097024582 ], [ -8.321605766458449, 43.098924585486017 ], [ -8.333583246949727, 43.096736799490117 ], [ -8.345559942245766, 43.094547612403979 ], [ -8.357535851965684, 43.092357024373506 ], [ -8.369510975728888, 43.090165035544658 ], [ -8.372303915473397, 43.098885761501592 ], [ -8.384279881457456, 43.096691993918377 ], [ -8.396255060253845, 43.094496825624141 ], [ -8.408229451482573, 43.092300256765164 ], [ -8.420203054763908, 43.090102287487731 ], [ -8.432175869718396, 43.087902917938216 ], [ -8.44414789596685, 43.08570214826306 ], [ -8.456119133130322, 43.083499978608735 ], [ -8.458924572347929, 43.092217871701685 ], [ -8.470896645860421, 43.090013922530126 ], [ -8.482867929058759, 43.087808573468386 ], [ -8.494838421564635, 43.085601824663243 ], [ -8.506808123, 43.083393676261522 ], [ -8.518777032987083, 43.081184128410129 ], [ -8.530745151148361, 43.078973181256025 ], [ -8.542712477106582, 43.076760834946214 ], [ -8.545530401001168, 43.085475883035961 ], [ -8.55749855743357, 43.083261756453702 ], [ -8.569465920435544, 43.081046230806336 ], [ -8.581432489630442, 43.078829306241154 ], [ -8.593398264641916, 43.076610982905514 ], [ -8.60536324509388, 43.074391260946811 ], [ -8.617327430610493, 43.072170140512533 ], [ -8.629290820816191, 43.069947621750231 ], [ -8.641253415335704, 43.067723704807463 ], [ -8.644085429288838, 43.076435512935412 ], [ -8.656048847554523, 43.074209814917339 ], [ -8.668011468908801, 43.071982718811249 ], [ -8.679973292976992, 43.069754224764999 ], [ -8.691934319384703, 43.067524332926517 ], [ -8.703894547757804, 43.065293043443802 ], [ -8.701054439523572, 43.056583152557216 ], [ -8.698215452922012, 43.04787307675393 ], [ -8.710171648575434, 43.045641157735353 ], [ -8.707332166671037, 43.036931280781246 ], [ -8.704493805748085, 43.028221218786996 ], [ -8.716445972394231, 43.025988670580375 ], [ -8.713607117083594, 43.017278807209387 ], [ -8.710769382103701, 43.008568758674812 ], [ -8.72271752345052, 43.006335581627432 ], [ -8.719879294996604, 42.997625731490189 ], [ -8.717042186223269, 42.988915696066002 ], [ -8.728986305974278, 42.986681890524508 ], [ -8.72614870463909, 42.977972053271714 ], [ -8.72331222233486, 42.96926203060864 ], [ -8.735252324189135, 42.967027596919095 ], [ -8.732415350233747, 42.958317772201511 ], [ -8.729579494660209, 42.949607761950347 ], [ -8.741515582312404, 42.947372700458217 ], [ -8.738679235996907, 42.938662887926654 ], [ -8.750612920651243, 42.936426815688648 ], [ -8.747776084555058, 42.927717200788386 ], [ -8.744940366138639, 42.919007400093669 ], [ -8.75687004241256, 42.916770700844943 ], [ -8.754033835121811, 42.908061097555596 ], [ -8.74210576480748, 42.910297413618835 ], [ -8.739272279967539, 42.901587241378195 ], [ -8.736439911025174, 42.892876883385988 ], [ -8.73360865738719, 42.88416633965636 ], [ -8.721684609703555, 42.886400114442409 ], [ -8.718856075047352, 42.877689002611611 ], [ -8.716028653970488, 42.868977705223088 ], [ -8.704107023590797, 42.87120932302836 ], [ -8.701282319162273, 42.862497458221675 ], [ -8.698458726590266, 42.853785408036295 ], [ -8.695636245284129, 42.845073172485947 ], [ -8.683718635348315, 42.847302253201285 ], [ -8.680898867228652, 42.838589451079478 ], [ -8.678080208655299, 42.829876463770994 ], [ -8.675262659039076, 42.821163291289366 ], [ -8.66334906787224, 42.82338983733208 ], [ -8.660534227985121, 42.814676099123652 ], [ -8.657720495338829, 42.805962175919575 ], [ -8.654907869345664, 42.797248067733122 ], [ -8.642998295268361, 42.799472081517685 ], [ -8.640188375551384, 42.790757408447142 ], [ -8.637379560774487, 42.782042550570978 ], [ -8.634571850351444, 42.773327507902209 ], [ -8.622666291679725, 42.775548991840182 ], [ -8.619861284084426, 42.766833385128045 ], [ -8.617057379133184, 42.758117593799263 ], [ -8.614254576241223, 42.749401617866667 ], [ -8.62615533934944, 42.747181271269945 ], [ -8.623352040487921, 42.738465489560141 ], [ -8.63525042440261, 42.736244132025796 ], [ -8.647148026201549, 42.734021384884876 ], [ -8.644342636348631, 42.725306176375312 ], [ -8.656237860151798, 42.723082419036984 ], [ -8.668132301571193, 42.720857272581959 ], [ -8.665324824148957, 42.712142637485641 ], [ -8.677216888770882, 42.709916481572719 ], [ -8.674408920245643, 42.701202040538199 ], [ -8.686298609169521, 42.698974875561703 ], [ -8.698187515542413, 42.696746322302687 ], [ -8.695377464817858, 42.688032454855524 ], [ -8.707263996691383, 42.685802893271251 ], [ -8.704453457765188, 42.677089219760461 ], [ -8.716337616238208, 42.674858650244424 ], [ -8.728220991996045, 42.672626693279298 ], [ -8.740103584675158, 42.670393349010091 ], [ -8.737289379786706, 42.66168062936795 ], [ -8.74916960036545, 42.659446278248005 ], [ -8.746354911166907, 42.650733752464532 ], [ -8.758232760743793, 42.648498394886403 ], [ -8.761049037603648, 42.657210540312938 ], [ -8.772927691138701, 42.654973415707794 ], [ -8.770109827081924, 42.646261650836834 ], [ -8.781986109819089, 42.64402352046087 ], [ -8.793861608593351, 42.641784003903616 ], [ -8.805736323043046, 42.639543101310245 ], [ -8.808558945902641, 42.648253723323599 ], [ -8.820434461004059, 42.646011053490156 ], [ -8.823259776739647, 42.654721106802867 ], [ -8.811382675769647, 42.656964158135949 ], [ -8.814207513229196, 42.66567440573354 ], [ -8.826086200598821, 42.663430972750298 ], [ -8.828913733167367, 42.672140651318543 ], [ -8.831742375031455, 42.680850142493668 ], [ -8.843623449417802, 42.678604559021117 ], [ -8.840793220557892, 42.669895449995849 ], [ -8.852671920676869, 42.667648862280167 ], [ -8.849841215645309, 42.658939947908422 ], [ -8.861717542599635, 42.656692356341082 ], [ -8.858886362337458, 42.647983636533588 ], [ -8.856056291790066, 42.639274728908894 ], [ -8.844183134308711, 42.641521556137334 ], [ -8.841355756831755, 42.632812078766015 ], [ -8.853227330371531, 42.630565633481041 ], [ -8.865098117782205, 42.628317802886677 ], [ -8.86226868196044, 42.619608901660477 ], [ -8.859440354625997, 42.610899812508578 ], [ -8.871307191114301, 42.608651360976836 ], [ -8.874137100400919, 42.617360068090761 ], [ -8.886004732458019, 42.615109849700424 ], [ -8.888837332776035, 42.623817986351852 ], [ -8.876968118703667, 42.626068587128408 ], [ -8.879800246608067, 42.634776918075659 ], [ -8.882633484700071, 42.64348506091833 ], [ -8.894505864389226, 42.641233694917062 ], [ -8.906377455936942, 42.638980943647773 ], [ -8.903541052165803, 42.630273566378321 ], [ -8.915410273072791, 42.628019813069947 ], [ -8.927278705586097, 42.625764674982882 ], [ -8.924440250303787, 42.617057875368971 ], [ -8.936306313386279, 42.614801735976094 ], [ -8.933467389667635, 42.606095130844572 ], [ -8.930629577604266, 42.597388336882901 ], [ -8.918766674296128, 42.599643710074574 ], [ -8.915931552398526, 42.590936344422872 ], [ -8.927792876610045, 42.588681354105574 ], [ -8.93965341357563, 42.586424980090207 ], [ -8.951513162937449, 42.584167222522467 ], [ -8.963372124337937, 42.581908081548065 ], [ -8.960531800911626, 42.573202059322242 ], [ -8.957692588961255, 42.564495847857145 ], [ -8.969547609155066, 42.562236090493556 ], [ -8.972388397286823, 42.570941918598237 ], [ -8.984244205452528, 42.568680394955869 ], [ -8.996099225052111, 42.566417488540921 ], [ -8.993255285955396, 42.557712427746871 ], [ -8.99041245932337, 42.549007177275449 ], [ -8.987570744570382, 42.540301737141299 ], [ -8.984730141111202, 42.5315961073591 ], [ -8.996578075799002, 42.529333353212046 ], [ -9.008425223071695, 42.527069217369302 ], [ -9.020271582574068, 42.524803699976523 ], [ -9.01742737315495, 42.51609903118883 ], [ -9.029271373239627, 42.513832516326353 ], [ -9.032117153951173, 42.522536801179356 ], [ -9.043961936848309, 42.520268521123533 ], [ -9.046810401709937, 42.528972231458077 ], [ -9.034964047463733, 42.531240895795463 ], [ -9.037812054362904, 42.539944800159816 ], [ -9.025963338833209, 42.542212467279278 ], [ -9.028810886844465, 42.550916565764638 ], [ -9.031659548891691, 42.55962047411947 ], [ -9.043511410665626, 42.55735203807334 ], [ -9.046362761242472, 42.566055371592469 ], [ -9.049215227552542, 42.574758514799733 ], [ -9.061069446383859, 42.572487926786842 ], [ -9.072922873579694, 42.570215956485136 ], [ -9.084775508784888, 42.567942604040987 ], [ -9.087633813470822, 42.576644400765218 ], [ -9.075779604715409, 42.578918138790833 ], [ -9.078637453806978, 42.587620130451157 ], [ -9.081496421443335, 42.596321931450667 ], [ -9.069638270622445, 42.598595058363337 ], [ -9.072496781804221, 42.607297054526946 ], [ -9.060636261885202, 42.609569184206038 ], [ -9.063494315685173, 42.618271375625433 ], [ -9.051631425561789, 42.620542507683183 ], [ -9.054489021051749, 42.629244894449968 ], [ -9.042623759617305, 42.631515028498256 ], [ -9.045480895868028, 42.640217610703921 ], [ -9.033613262015425, 42.642486746354358 ], [ -9.036469938096683, 42.651189524090341 ], [ -9.039327733638649, 42.659892111831915 ], [ -9.042186649232191, 42.668594509563633 ], [ -9.045046685468602, 42.677296717270046 ], [ -9.033171934826475, 42.67956601143792 ], [ -9.036031510156056, 42.688268415175529 ], [ -9.038892206785286, 42.696970629008867 ], [ -9.027013495378331, 42.699239309892292 ], [ -9.029873730232321, 42.707941719984802 ], [ -9.017992639090746, 42.710209401121823 ], [ -9.00611075224103, 42.71247569618621 ], [ -9.008968939247154, 42.721178688565303 ], [ -9.011828247746244, 42.729881491450044 ], [ -8.999942393799957, 42.732147171923458 ], [ -8.988055743922175, 42.734411465634231 ], [ -8.990913000700109, 42.743114850896632 ], [ -8.979023967640071, 42.745378143344276 ], [ -8.976168298473254, 42.736674372435125 ], [ -8.964280057813802, 42.738935892178993 ], [ -8.967134138898027, 42.747640048536752 ], [ -8.95524351483502, 42.749900566326858 ], [ -8.958097127394428, 42.75860491917053 ], [ -8.946204118815638, 42.760864434615222 ], [ -8.94905726190961, 42.769568984035416 ], [ -8.937161867702381, 42.771827496742709 ], [ -8.940014540389287, 42.780532242829885 ], [ -8.928116759440512, 42.78278975240751 ], [ -8.916218183203608, 42.785045873398417 ], [ -8.919068791973844, 42.79375120130738 ], [ -8.907167827772877, 42.796006318429932 ], [ -8.904318812041405, 42.787300605655439 ], [ -8.90147091545718, 42.778594704831249 ], [ -8.889572342709871, 42.780847663692661 ], [ -8.892418646317021, 42.789553949031458 ], [ -8.89526606853808, 42.798260046472492 ], [ -8.898114609965965, 42.806965956000845 ], [ -8.900964271194006, 42.815671677601571 ], [ -8.912869219050458, 42.813417179769822 ], [ -8.910017963244711, 42.804711843139749 ], [ -8.921920521017658, 42.802456340999591 ], [ -8.933822282921364, 42.800199449727671 ], [ -8.945723248592655, 42.797941169471379 ], [ -8.942868333821473, 42.789236800411167 ], [ -8.954766910742382, 42.786977516932126 ], [ -8.951911525687358, 42.77827334481281 ], [ -8.963807714972395, 42.776013058503565 ], [ -8.966664691177956, 42.784716844962304 ], [ -8.969522789786614, 42.793420442595348 ], [ -8.981421364584234, 42.791157996270684 ], [ -8.978561674765967, 42.782454784649133 ], [ -8.990457861144463, 42.780191336140142 ], [ -9.002353249951748, 42.77792649958289 ], [ -9.005216120770184, 42.786628938585949 ], [ -9.017112301435047, 42.784362327521293 ], [ -9.019977887166371, 42.793064190466282 ], [ -9.008080116180542, 42.795331188290362 ], [ -9.010945236778413, 42.804033248680369 ], [ -9.022844598616167, 42.801765863944176 ], [ -9.03474316073873, 42.799497090860129 ], [ -9.031874858911138, 42.790795804492724 ], [ -9.043771031053597, 42.788526030517595 ], [ -9.055666403232781, 42.786254868688893 ], [ -9.067560975087991, 42.783982319154632 ], [ -9.064689032812366, 42.775282005229379 ], [ -9.052796049381964, 42.777554167211562 ], [ -9.049926822244082, 42.768853275824682 ], [ -9.0618182177791, 42.766581501241696 ], [ -9.058948529392012, 42.757880807207663 ], [ -9.070837538298777, 42.755608032907261 ], [ -9.082725747583794, 42.753333871790936 ], [ -9.079854012993341, 42.744633762507107 ], [ -9.076983404914611, 42.735933462903425 ], [ -9.088867643913645, 42.733658690339702 ], [ -9.09173983688086, 42.742358602409496 ], [ -9.094613156887624, 42.751058324006614 ], [ -9.106499765851099, 42.748781389702316 ], [ -9.109375798963384, 42.757480532773442 ], [ -9.1122529608354, 42.766179485186449 ], [ -9.124141939618417, 42.763900387887929 ], [ -9.127021816898072, 42.772598761085568 ], [ -9.129902824659791, 42.781296943439031 ], [ -9.132784963501608, 42.789994934931755 ], [ -9.144677898587265, 42.78771328433961 ], [ -9.147562756266785, 42.796410695756478 ], [ -9.15044874675198, 42.80510791612577 ], [ -9.138552636819862, 42.807390345268431 ], [ -9.12665572250067, 42.809671386804453 ], [ -9.114758004154174, 42.811951040585107 ], [ -9.10285948214041, 42.814229306461684 ], [ -9.105740250306805, 42.822927892602102 ], [ -9.108622150361853, 42.831626288275686 ], [ -9.111505182905129, 42.84032449346585 ], [ -9.114389348536637, 42.84902250815589 ], [ -9.126294232313272, 42.846742685709756 ], [ -9.138198310514184, 42.844461474567368 ], [ -9.141086792887972, 42.853158519489249 ], [ -9.143976410611819, 42.861855373569789 ], [ -9.146867164287396, 42.870552036792006 ], [ -9.149759054516844, 42.879248509138847 ], [ -9.137848607983257, 42.881531280104006 ], [ -9.140740041959722, 42.890227951899192 ], [ -9.143632613164684, 42.898924432938969 ], [ -9.131718170832906, 42.901206594853626 ], [ -9.134610284918223, 42.909903275571594 ], [ -9.146526322201375, 42.907620723206193 ], [ -9.149421169673438, 42.91631682268364 ], [ -9.161337993030816, 42.914032489429658 ], [ -9.164235575076525, 42.922728007141991 ], [ -9.167134297297885, 42.9314233338755 ], [ -9.170034160300055, 42.940118469612713 ], [ -9.172935164688608, 42.948813414336165 ], [ -9.184857561677704, 42.946526125393852 ], [ -9.19677914660835, 42.944237445673338 ], [ -9.193874949405654, 42.935543284389929 ], [ -9.181954960641082, 42.937831572291088 ], [ -9.179053501522608, 42.929136828019807 ], [ -9.190971894652536, 42.926848931783198 ], [ -9.188069981743009, 42.918154387870814 ], [ -9.199985968794405, 42.91586549311166 ], [ -9.211901144509341, 42.913575208470178 ], [ -9.2148062461811, 42.922268968767639 ], [ -9.217712490757888, 42.930962537449808 ], [ -9.220619878846088, 42.939655914498886 ], [ -9.232539025429761, 42.937363063345643 ], [ -9.22963004262246, 42.92867007871137 ], [ -9.241546781464384, 42.926376229994467 ], [ -9.253462706922779, 42.924080991449486 ], [ -9.265377818637042, 42.921784363226912 ], [ -9.26246520019996, 42.913092364773078 ], [ -9.259553726786686, 42.904400174084032 ], [ -9.256643397790493, 42.895707791177827 ], [ -9.268552920211153, 42.893410952119524 ], [ -9.265642144353167, 42.884718769601257 ], [ -9.277549263566524, 42.882420934544655 ], [ -9.280461629615118, 42.891112724278166 ], [ -9.283375140531017, 42.899804321502543 ], [ -9.271464840408346, 42.90210294228369 ], [ -9.274377905551249, 42.910794740075652 ], [ -9.277292116246819, 42.919486345477274 ], [ -9.28920559939206, 42.917186938351122 ], [ -9.292122548551919, 42.925877957938781 ], [ -9.295040645008539, 42.934568784944268 ], [ -9.283123976725912, 42.93686897903649 ], [ -9.286041627725483, 42.945560007157532 ] ], [ [ -9.159451991780513, 43.136413793753221 ], [ -9.16236744850908, 43.145107088173134 ], [ -9.174328424166033, 43.142819912286527 ], [ -9.171411356644057, 43.134127011553872 ], [ -9.159451991780513, 43.136413793753221 ] ], [ [ -8.913435843150879, 43.238578211450239 ], [ -8.916322586397692, 43.247278993498924 ], [ -8.928311250345578, 43.245020226409153 ], [ -8.925422882329014, 43.236319834543906 ], [ -8.913435843150879, 43.238578211450239 ] ], [ [ -8.889058527723318, 42.817924785807797 ], [ -8.891907713761151, 42.82663070438943 ], [ -8.903815052815974, 42.824377211259623 ], [ -8.900964271194006, 42.815671677601571 ], [ -8.889058527723318, 42.817924785807797 ] ], [ [ -8.382391992841068, 43.327840372350337 ], [ -8.379579454539797, 43.31912226375912 ], [ -8.367559452876147, 43.321316714204542 ], [ -8.370370345818191, 43.330035203449086 ], [ -8.382391992841068, 43.327840372350337 ] ], [ [ -8.364749676481548, 43.312598044767086 ], [ -8.352730524208365, 43.3147907082366 ], [ -8.355538655328303, 43.323509757968218 ], [ -8.367559452876147, 43.321316714204542 ], [ -8.364749676481548, 43.312598044767086 ] ], [ [ -8.200080393401857, 43.314821050625646 ], [ -8.202865420008933, 43.323545182300599 ], [ -8.214890786676945, 43.321370163195645 ], [ -8.212104110778553, 43.312646408870833 ], [ -8.200080393401857, 43.314821050625646 ] ] ], [ [ [ -9.139275130180765, 42.733244100273964 ], [ -9.151156951151489, 42.730962010044074 ], [ -9.154038191127436, 42.739659790247174 ], [ -9.142154787111732, 42.7419422691503 ], [ -9.139275130180765, 42.733244100273964 ] ] ], [ [ [ -9.015059141229868, 42.470308239025321 ], [ -9.01789936670593, 42.479013474841338 ], [ -9.006061646569771, 42.481278455472825 ], [ -9.003222989776518, 42.472572836475649 ], [ -9.000385441758038, 42.463867027480255 ], [ -9.01222002504989, 42.461602813060594 ], [ -9.015059141229868, 42.470308239025321 ] ] ], [ [ [ -8.871858362337218, 42.571566343321209 ], [ -8.869032410515585, 42.562857077519169 ], [ -8.880889777617739, 42.560607766794405 ], [ -8.892746360407287, 42.558357072723936 ], [ -8.895575468531803, 42.56706557496743 ], [ -8.883717307822856, 42.569316650915752 ], [ -8.871858362337218, 42.571566343321209 ] ] ], [ [ [ -8.83717170246047, 43.354577479584961 ], [ -8.84918400467714, 43.352327430992233 ], [ -8.852070294293394, 43.361029281216418 ], [ -8.840056356871095, 43.363279719868963 ], [ -8.82804160302287, 43.365528754349555 ], [ -8.825158584306527, 43.356826124210237 ], [ -8.83717170246047, 43.354577479584961 ] ] ], [ [ [ -8.211227146728616, 43.349716508174019 ], [ -8.223257464665782, 43.347540356111502 ], [ -8.226048576085745, 43.356263397023639 ], [ -8.214016606593024, 43.358439927041339 ], [ -8.211227146728616, 43.349716508174019 ] ] ] ] } },
{ "type": "Feature", "properties": { "sector": "Lugo Interior — Terra Chá" }, "geometry": { "type": "MultiPolygon", "coordinates": [ [ [ [ -8.470594040248438, 42.535955675852108 ], [ -8.473358879561276, 42.544678693534941 ], [ -8.476124802671293, 42.553401527814898 ], [ -8.478891810151209, 42.56212417868101 ], [ -8.481659902574172, 42.570846646122234 ], [ -8.484429080513705, 42.579568930127508 ], [ -8.487199344543756, 42.588291030685674 ], [ -8.499072891005364, 42.586086550748149 ], [ -8.501845831705303, 42.594808093063691 ], [ -8.504619860181041, 42.603529451761652 ], [ -8.507394977007976, 42.612250626830637 ], [ -8.510171182761914, 42.62097161825924 ], [ -8.512948478019077, 42.629692426035994 ], [ -8.51572686335609, 42.638413050149367 ], [ -8.527609184346257, 42.636204931267528 ], [ -8.530390253105976, 42.644924995832099 ], [ -8.533172413637137, 42.653644876561494 ], [ -8.535955666517824, 42.662364573443952 ], [ -8.538740012326523, 42.671084086467687 ], [ -8.541525451642149, 42.679803415620825 ], [ -8.544311985044036, 42.688522560891442 ], [ -8.547099613111905, 42.697241522267589 ], [ -8.558992317612423, 42.695029379873148 ], [ -8.561782636994616, 42.703747780226905 ], [ -8.564574052741769, 42.712465996512918 ], [ -8.567366565435078, 42.721184028718959 ], [ -8.570160175656167, 42.729901876832798 ], [ -8.572954883987062, 42.738619540842116 ], [ -8.575750691010214, 42.747337020734541 ], [ -8.563848402022945, 42.749551428063612 ], [ -8.551945333124205, 42.751764444917569 ], [ -8.540041484682281, 42.753976071151868 ], [ -8.528136857065709, 42.756186306622027 ], [ -8.516231450643296, 42.758395151183592 ], [ -8.504325265784111, 42.76060260469221 ], [ -8.492418302857454, 42.762808667003583 ], [ -8.480510562232913, 42.765013337973457 ], [ -8.46860204428032, 42.767216617457656 ], [ -8.456692749369777, 42.769418505312011 ], [ -8.444782677871636, 42.771619001392502 ], [ -8.432871830156488, 42.773818105555115 ], [ -8.420960206595215, 42.776015817655889 ], [ -8.409047807558938, 42.778212137550945 ], [ -8.397134633419055, 42.780407065096455 ], [ -8.38522068454718, 42.782600600148662 ], [ -8.373305961315241, 42.784792742563859 ], [ -8.361390464095376, 42.786983492198409 ], [ -8.349474193260001, 42.789172848908727 ], [ -8.337557149181796, 42.791360812551282 ], [ -8.325639332233685, 42.793547382982631 ], [ -8.313720742788854, 42.795732560059363 ], [ -8.301801381220757, 42.797916343638143 ], [ -8.289881247903088, 42.800098733575695 ], [ -8.277960343209802, 42.802279729728809 ], [ -8.266038667515129, 42.804459331954313 ], [ -8.254116221193533, 42.806637540109115 ], [ -8.242193004619736, 42.80881435405022 ], [ -8.230269018168743, 42.810989773634624 ], [ -8.218344262215792, 42.813163798719415 ], [ -8.206418737136392, 42.815336429161768 ], [ -8.209165850300266, 42.824065349602535 ], [ -8.197237942877507, 42.826236957010586 ], [ -8.185309266621845, 42.828407169287303 ], [ -8.173379821909748, 42.830575986289901 ], [ -8.161449609117893, 42.832743407875725 ], [ -8.149518628623261, 42.834909433902155 ], [ -8.137586880803083, 42.837074064226591 ], [ -8.125654366034805, 42.839237298706557 ], [ -8.113721084696198, 42.841399137199588 ], [ -8.101787037165233, 42.84355957956334 ], [ -8.089852223820154, 42.845718625655479 ], [ -8.077916645039467, 42.847876275333732 ], [ -8.06598030120195, 42.850032528455934 ], [ -8.054043192686597, 42.852187384879954 ], [ -8.042105319872682, 42.854340844463714 ], [ -8.030166683139752, 42.856492907065217 ], [ -8.018227282867574, 42.858643572542512 ], [ -8.006287119436198, 42.860792840753732 ], [ -7.994346193225927, 42.862940711557037 ], [ -7.982404504617299, 42.865087184810697 ], [ -7.970462053991128, 42.867232260373022 ], [ -7.973177880372727, 42.875968400499957 ], [ -7.975894779254859, 42.884704364028906 ], [ -7.978612751210519, 42.893440150951257 ], [ -7.981331796813112, 42.902175761258235 ], [ -7.96938208809553, 42.904320911118937 ], [ -7.972100582413175, 42.913056713201307 ], [ -7.974820150968567, 42.921792338797559 ], [ -7.977540794336131, 42.930527787898889 ], [ -7.980262513090698, 42.939263060496472 ], [ -7.968305534102305, 42.941408285218401 ], [ -7.97102670062562, 42.950143750084827 ], [ -7.973748943128401, 42.95887903857674 ], [ -7.976472262186511, 42.967614150685172 ], [ -7.979196658376228, 42.976349086401221 ], [ -7.967232396909976, 42.978494386547972 ], [ -7.969956239920591, 42.987229515026684 ], [ -7.972681160656931, 42.995964467242167 ], [ -7.975407159696291, 43.004699243185421 ], [ -7.963437236544037, 43.006844249921514 ], [ -7.966162681437496, 43.015579218983291 ], [ -7.968889205229131, 43.024314011902035 ], [ -7.971616808497285, 43.033048628668631 ], [ -7.974345491820707, 43.041783069273905 ], [ -7.962368264397989, 43.043928152180811 ], [ -7.965096392624391, 43.052662786399033 ], [ -7.967825601502875, 43.061397244585152 ], [ -7.970555891613229, 43.070131526729895 ], [ -7.973287263535656, 43.078865632823991 ], [ -7.961302719558041, 43.08101079246709 ], [ -7.964033535430798, 43.089745092668913 ], [ -7.966765433714103, 43.098479216949279 ], [ -7.96949841498921, 43.107213165298816 ], [ -7.97223247983777, 43.115946937708102 ], [ -7.960240606992854, 43.118092174653562 ], [ -7.962974114837553, 43.126826141665696 ], [ -7.965708706855851, 43.135559932866769 ], [ -7.953712778872146, 43.137704506250429 ], [ -7.956446812894882, 43.146438492272353 ], [ -7.944448469829104, 43.148582031130907 ], [ -7.932449354822076, 43.150724164679197 ], [ -7.920449468262986, 43.152864892773621 ], [ -7.923179654328409, 43.161599814235814 ], [ -7.911177351436773, 43.163739506690845 ], [ -7.899174277309497, 43.165877793196792 ], [ -7.887170432336742, 43.168014673610102 ], [ -7.889896763462091, 43.176750529519417 ], [ -7.877890500908936, 43.178886373177924 ], [ -7.86588346782889, 43.181020810248469 ], [ -7.853875664613112, 43.183153840587607 ], [ -7.841867091652985, 43.185285464051994 ], [ -7.82985774934017, 43.187415680498312 ], [ -7.817847638066586, 43.189544489783316 ], [ -7.815131196627051, 43.180806420114941 ], [ -7.803121966682395, 43.182933453866298 ], [ -7.791111969022958, 43.185059080379084 ], [ -7.788399905245872, 43.176320100840059 ], [ -7.77639079051378, 43.178443952307589 ], [ -7.764380909312854, 43.18056639645981 ], [ -7.752370262035936, 43.182687433153987 ], [ -7.749664225503837, 43.173947178080006 ], [ -7.737654463603845, 43.17606644028443 ], [ -7.725643936874094, 43.178184294954853 ], [ -7.722942276314543, 43.169443133443039 ], [ -7.71093263655597, 43.171559214113543 ], [ -7.698922233213821, 43.17367388717463 ], [ -7.686911066681859, 43.175787152484077 ], [ -7.684215432821726, 43.167044720209311 ], [ -7.672205155705666, 43.169156212076594 ], [ -7.660194116646242, 43.171266296117601 ], [ -7.657502857046081, 43.16252296083551 ], [ -7.645492708992642, 43.164631271925622 ], [ -7.633481800242238, 43.16673817511537 ], [ -7.62147013118957, 43.168843670262994 ], [ -7.6187848977102, 43.16009906898821 ], [ -7.606774122103342, 43.16220279174496 ], [ -7.59476258744088, 43.164305106386287 ], [ -7.592081726486268, 43.155559605532403 ], [ -7.580071086855495, 43.157660148275575 ], [ -7.56805968941573, 43.159759282830521 ], [ -7.556047534562556, 43.161857009056021 ], [ -7.553372699117097, 43.153110246977946 ], [ -7.541361441730548, 43.155206201867557 ], [ -7.529349428177467, 43.157300748355702 ], [ -7.526678963498973, 43.148553090124423 ], [ -7.514667848994193, 43.150645865770834 ], [ -7.502655979569671, 43.152737232944311 ], [ -7.490643355621901, 43.154827191504154 ], [ -7.487978915807952, 43.146078276815359 ], [ -7.475967193338497, 43.148166465097951 ], [ -7.463954717592839, 43.150253244696202 ], [ -7.461294646765538, 43.141503437277755 ], [ -7.449283074075661, 43.143588447094317 ], [ -7.437270749356554, 43.145672048156385 ], [ -7.425257673005627, 43.147754240323749 ], [ -7.422603626365324, 43.139003181212658 ], [ -7.410591455495223, 43.141083604165075 ], [ -7.398578534240511, 43.143162618153397 ], [ -7.395928854784056, 43.134410669733811 ], [ -7.383916840583414, 43.136487915004174 ], [ -7.386564862999145, 43.145240223037703 ], [ -7.374550442169365, 43.147316418678137 ], [ -7.362535272149642, 43.149391204934908 ], [ -7.365181030700258, 43.158144062837358 ], [ -7.353163452917987, 43.160217798695854 ], [ -7.341145126292837, 43.162290124680041 ], [ -7.34378861742901, 43.17104353217853 ], [ -7.331767881908635, 43.173114806995379 ], [ -7.319746397893913, 43.175184671447148 ], [ -7.322387618062961, 43.183938628267612 ], [ -7.310363724021069, 43.186007440782312 ], [ -7.29833908183486, 43.188074842441004 ], [ -7.300978027480716, 43.19682934830832 ], [ -7.28895097413613, 43.198895697259495 ], [ -7.276923172998746, 43.200960634863556 ], [ -7.279559840561965, 43.209715689501515 ], [ -7.267529627135731, 43.21177957362692 ], [ -7.255498666269712, 43.213842045914014 ], [ -7.258133052187487, 43.222597649045198 ], [ -7.246099677902884, 43.224659067081831 ], [ -7.248733446023863, 43.233414860768995 ], [ -7.23669765723915, 43.235475224134689 ], [ -7.224661121321694, 43.237534174818606 ], [ -7.227292602146511, 43.246290516722432 ], [ -7.215253650599921, 43.248348411962404 ], [ -7.2032139522774, 43.250404894028868 ], [ -7.205843142233848, 43.259161783869189 ], [ -7.193801027153913, 43.261217209717984 ], [ -7.18175816565633, 43.263271221901427 ], [ -7.184385061168846, 43.272028659396959 ], [ -7.172339781786333, 43.274081614588304 ], [ -7.160293756345978, 43.276133155622276 ], [ -7.162918353835614, 43.284891140490579 ], [ -7.150869909383559, 43.286941623757357 ], [ -7.138820719234968, 43.288990692374611 ], [ -7.141443015119383, 43.297749224332151 ], [ -7.129391404833086, 43.299797234406391 ], [ -7.117339049213076, 43.301843829338807 ], [ -7.119959039906564, 43.310602908100925 ], [ -7.107904263023605, 43.312648443713826 ], [ -7.10528594866637, 43.303889008990168 ], [ -7.093232103600255, 43.305932773221343 ], [ -7.090616509805349, 43.297172817564096 ], [ -7.078563597273916, 43.299214810846159 ], [ -7.081177514422282, 43.307975121893278 ], [ -7.069122181540236, 43.310016054866956 ], [ -7.066509941487674, 43.301255388644151 ], [ -7.06389874346648, 43.292494557525771 ], [ -7.061288586911638, 43.283733561515596 ], [ -7.0733388902747, 43.281693693639255 ], [ -7.070728099293722, 43.272932887487201 ], [ -7.068118349239104, 43.264171916307767 ], [ -7.065509639546823, 43.255410780104732 ], [ -7.062901969653256, 43.246649478881764 ], [ -7.060295338995219, 43.2378880126425 ], [ -7.04825340638608, 43.239926108217574 ], [ -7.045649486787175, 43.231164122933819 ], [ -7.033608487298254, 43.233200450565924 ], [ -7.031007277467166, 43.224437946740167 ], [ -7.028407104009579, 43.215675278193821 ], [ -7.016368710454891, 43.217709484995595 ], [ -7.004329579338399, 43.219742278037685 ], [ -7.00173378516898, 43.210978738633784 ], [ -6.989695589302565, 43.213009765028907 ], [ -6.987102501026993, 43.204245708588061 ], [ -6.97506524111847, 43.20627496876827 ], [ -6.972474857445421, 43.19751039579139 ], [ -6.969885505554517, 43.188745658674932 ], [ -6.967297184887355, 43.179980757421724 ], [ -6.97932943153902, 43.177952553570663 ], [ -6.976740471627124, 43.169187840009535 ], [ -6.974152542410561, 43.160422962175438 ], [ -6.971565643331911, 43.151657920071123 ], [ -6.96897977383416, 43.14289271369929 ], [ -6.956954203302695, 43.144919511095836 ], [ -6.95437103039272, 43.136153789199362 ], [ -6.942346395513829, 43.138178823299612 ], [ -6.930321029129387, 43.140202445226578 ], [ -6.918294931644964, 43.142224654843659 ], [ -6.906268103466378, 43.144245452014253 ], [ -6.908844601708547, 43.153012576815854 ], [ -6.896815373472451, 43.155032311595825 ], [ -6.884785414914021, 43.157050633442644 ], [ -6.887359598089659, 43.165818295139189 ], [ -6.875327238376659, 43.167835553822165 ], [ -6.877900775192176, 43.176603402287327 ], [ -6.88047533744157, 43.185371087613234 ], [ -6.86843890265272, 43.187387632682842 ], [ -6.865866013261465, 43.178619597383104 ], [ -6.853830521348616, 43.180634378708362 ], [ -6.851260329511104, 43.171865830791745 ], [ -6.848691161373779, 43.163097120019877 ], [ -6.836658285596333, 43.16510978877016 ], [ -6.83409181257545, 43.156340566022074 ], [ -6.831526361557708, 43.147571180563183 ], [ -6.81949610172448, 43.149581738021972 ], [ -6.816933343387735, 43.14081184122648 ], [ -6.828961931990102, 43.138801632395207 ], [ -6.826398523320023, 43.130031921519873 ], [ -6.823836134995288, 43.121262047938792 ], [ -6.835860656811777, 43.119251123396573 ], [ -6.847884452130233, 43.117238786445462 ], [ -6.845319745984684, 43.108469447214304 ], [ -6.857341146248879, 43.106456046837614 ], [ -6.869361819640855, 43.104441234537312 ], [ -6.866794799226941, 43.09567242995049 ], [ -6.878813078655329, 43.093656554996357 ], [ -6.8908306308388, 43.091639268603764 ], [ -6.902847455372243, 43.089620570908593 ], [ -6.900276459017033, 43.080852650679226 ], [ -6.912290890712265, 43.078832891450382 ], [ -6.924304594386963, 43.076811721404034 ], [ -6.926878919869843, 43.085578942154648 ], [ -6.938893559025036, 43.083556011368067 ], [ -6.936317569636978, 43.074789140676238 ], [ -6.948329816058397, 43.072765149403111 ], [ -6.96034133324757, 43.070739747720822 ], [ -6.9577630425377, 43.061973413398711 ], [ -6.9697721680885, 43.059946951999507 ], [ -6.967193240576449, 43.051180803708547 ], [ -6.964615337711884, 43.042414490895077 ], [ -6.962038458942196, 43.033648013561425 ], [ -6.950034315899564, 43.035673424138025 ], [ -6.947460120342746, 43.02690643229375 ], [ -6.94488694719425, 43.018139276074358 ], [ -6.942314795902905, 43.009371955481946 ], [ -6.930314903557668, 43.011394907716046 ], [ -6.927745431933456, 43.002627073393761 ], [ -6.915746472221933, 43.004648267559162 ], [ -6.913179678987098, 42.995879920001791 ], [ -6.910613904794391, 42.987111408357848 ], [ -6.898617536479327, 42.989130496229578 ], [ -6.886620444113931, 42.991148175545014 ], [ -6.874622628100325, 42.993164446168983 ], [ -6.872062846169508, 42.984394725534514 ], [ -6.860065965703902, 42.986409239454467 ], [ -6.857508858181651, 42.977639007419008 ], [ -6.854952765726885, 42.968868611861332 ], [ -6.842958479561697, 42.970881022120984 ], [ -6.840405059107623, 42.962110115796285 ], [ -6.837852652045266, 42.953339046091443 ], [ -6.835301257828819, 42.94456781300763 ], [ -6.832750875912869, 42.935796416545955 ], [ -6.844738535651456, 42.933785394434217 ], [ -6.842187510339217, 42.925014181284375 ], [ -6.839637496819299, 42.916242804619571 ], [ -6.851621127897246, 42.914231068693198 ], [ -6.849070472068337, 42.905459875136543 ], [ -6.837088494547229, 42.907471264440851 ], [ -6.83454050297896, 42.898699560749222 ], [ -6.831993521570815, 42.88992769354563 ], [ -6.829447549779517, 42.881155662831006 ], [ -6.826902587062192, 42.87238346860623 ], [ -6.838877956159835, 42.870373464399862 ], [ -6.841424570112942, 42.879145312558578 ], [ -6.85340087283509, 42.877133556214019 ], [ -6.865376457546183, 42.875120393931361 ], [ -6.862826542415471, 42.866349238538881 ], [ -6.860277637554268, 42.857577919220383 ], [ -6.857729742419736, 42.848806435976876 ], [ -6.855182856469442, 42.840034788809312 ], [ -6.852636979161365, 42.831262977718595 ], [ -6.840669640527901, 42.833274408946259 ], [ -6.838126418800816, 42.824502088138566 ], [ -6.850092109953849, 42.822491002705597 ], [ -6.84754824830566, 42.813718863771122 ], [ -6.859511577160489, 42.811706719667427 ], [ -6.856967076635152, 42.802934762540602 ], [ -6.868928044230572, 42.800921560182637 ], [ -6.866382905870977, 42.792149784797715 ], [ -6.863838774602509, 42.783377845216549 ], [ -6.875795738093435, 42.781363930892788 ], [ -6.887751986285147, 42.779348613274458 ], [ -6.899707518781073, 42.777331892495106 ], [ -6.897159465428142, 42.768560826550654 ], [ -6.894612419812383, 42.759789595995969 ], [ -6.906563952751623, 42.757772164779368 ], [ -6.918514770061853, 42.755753331089025 ], [ -6.915965450331337, 42.746982628309283 ], [ -6.927913911605089, 42.744962738785716 ], [ -6.939861656888695, 42.742941447265387 ], [ -6.95180868578741, 42.740918753881942 ], [ -6.954362924265184, 42.749688416511887 ], [ -6.966310875107308, 42.747663974263197 ], [ -6.963754997906691, 42.738894658769077 ], [ -6.975700592852264, 42.736869162060572 ], [ -6.973144088029321, 42.728100028332356 ], [ -6.970588593335752, 42.719330729026069 ], [ -6.982530196704694, 42.717304525548315 ], [ -6.985087328116797, 42.726073477577778 ], [ -6.997029850672933, 42.724045525704533 ], [ -7.008971655304382, 42.722016172846509 ], [ -7.020912741618029, 42.719985419137664 ], [ -7.018350702630447, 42.711217510193414 ], [ -7.030289435235624, 42.709185703880806 ], [ -7.032853109221014, 42.717953264712001 ], [ -7.044792757720698, 42.715919709703613 ], [ -7.056731686724711, 42.713884754246649 ], [ -7.068669895840914, 42.711848398475325 ], [ -7.080607384677414, 42.709810642523912 ], [ -7.083178609610039, 42.718576641984562 ], [ -7.095117011186733, 42.716537136691457 ], [ -7.107054691268714, 42.714496231278538 ], [ -7.109630199538651, 42.723261364826769 ], [ -7.121568790850696, 42.721218709575972 ], [ -7.124146950295906, 42.729983326017617 ], [ -7.136086452150204, 42.727938920506908 ], [ -7.138667264020206, 42.736703019351431 ], [ -7.150607675727939, 42.734656863158811 ], [ -7.153191141272235, 42.74342044391534 ], [ -7.165132462143544, 42.741372536618826 ], [ -7.17707305783104, 42.739323229042959 ], [ -7.179660811955638, 42.748085939973727 ], [ -7.191602315290273, 42.746034880798945 ], [ -7.203543092224675, 42.743982421407082 ], [ -7.21548314236823, 42.74192856193357 ], [ -7.227422465330589, 42.739873302513914 ], [ -7.239361060721622, 42.737816643283686 ], [ -7.251298928151459, 42.735758584378544 ], [ -7.263236067230483, 42.733699125934159 ], [ -7.275172477569305, 42.731638268086328 ], [ -7.287108158778797, 42.729576010970867 ], [ -7.299043110470072, 42.727512354723672 ], [ -7.310977332254482, 42.72544729948072 ], [ -7.322910823743632, 42.723380845378024 ], [ -7.33484358454938, 42.721312992551681 ], [ -7.346775614283819, 42.719243741137838 ], [ -7.358706912559291, 42.717173091272741 ], [ -7.370637478988387, 42.715101043092673 ], [ -7.382567313183951, 42.713027596733973 ], [ -7.394496414759051, 42.710952752333057 ], [ -7.406424783327022, 42.708876510026428 ], [ -7.418352418501462, 42.70679886995061 ], [ -7.430279319896163, 42.704719832242233 ], [ -7.432902314492299, 42.713474948213388 ], [ -7.444830106332958, 42.711394157056844 ], [ -7.456757163183119, 42.709311968334596 ], [ -7.468683484657163, 42.707228382183523 ], [ -7.480609070369697, 42.705143398740617 ], [ -7.492533919935615, 42.703057018142843 ], [ -7.504458032970017, 42.7009692405273 ], [ -7.516381409088281, 42.698880066031151 ], [ -7.528304047906016, 42.696789494791581 ], [ -7.540225949039086, 42.694697526945887 ], [ -7.552147112103602, 42.692604162631383 ], [ -7.56406753671592, 42.690509401985487 ], [ -7.575987222492641, 42.688413245145654 ], [ -7.587906169050622, 42.686315692249423 ], [ -7.599824376006969, 42.684216743434384 ], [ -7.611741842979018, 42.682116398838183 ], [ -7.623658569584384, 42.680014658598552 ], [ -7.635574555440902, 42.677911522853279 ], [ -7.647489800166664, 42.675806991740203 ], [ -7.659404303380019, 42.673701065397239 ], [ -7.662059135881297, 42.682449209537609 ], [ -7.673974513992442, 42.680341528097337 ], [ -7.685889149385598, 42.678232451498182 ], [ -7.69780304167967, 42.676121979878332 ], [ -7.709716190493801, 42.674010113376035 ], [ -7.721628595447403, 42.671896852129599 ], [ -7.733540256160126, 42.66978219627741 ], [ -7.745451172251856, 42.667666145957881 ], [ -7.757361343342767, 42.665548701309547 ], [ -7.76927076905324, 42.663429862470949 ], [ -7.78117944900393, 42.661309629580721 ], [ -7.793087382815731, 42.659188002777555 ], [ -7.80499457010979, 42.65706498220019 ], [ -7.816901010507507, 42.65494056798746 ], [ -7.828806703630521, 42.652814760278233 ], [ -7.840711649100738, 42.650687559211455 ], [ -7.852615846540291, 42.648558964926117 ], [ -7.849935198637844, 42.63981660542423 ], [ -7.861837037987748, 42.637686981334568 ], [ -7.85915583537654, 42.628944809165191 ], [ -7.856475687177517, 42.620202461060146 ], [ -7.868373561368655, 42.618072170758623 ], [ -7.865692859437686, 42.609330009771092 ], [ -7.877588378664598, 42.607198690528428 ], [ -7.874907123986923, 42.598456716580479 ], [ -7.886800289313372, 42.59632436879803 ], [ -7.884118482873198, 42.587582581811674 ], [ -7.896009295362575, 42.585449205890484 ], [ -7.907899360234629, 42.583314438804862 ], [ -7.905215398858395, 42.574573202128427 ], [ -7.917103112026302, 42.572437407646539 ], [ -7.914418601845613, 42.563696357834019 ], [ -7.926303964372297, 42.561559536356157 ], [ -7.938188579047605, 42.559421324536061 ], [ -7.950072445497608, 42.557281722512663 ], [ -7.961955563348637, 42.555140730424981 ], [ -7.973837932227265, 42.552998348412061 ], [ -7.985719551760321, 42.550854576613034 ], [ -7.997600421574866, 42.548709415167103 ], [ -8.009480541298231, 42.546562864213506 ], [ -8.021359910557985, 42.544414923891537 ], [ -8.033238528981951, 42.542265594340563 ], [ -8.045116396198184, 42.540114875700056 ], [ -8.056993511835023, 42.537962768109452 ], [ -8.068869875521019, 42.535809271708359 ], [ -8.080745486884997, 42.53365438663635 ], [ -8.092620345556018, 42.531498113033109 ], [ -8.104494451163392, 42.529340451038394 ], [ -8.116367803336706, 42.527181400791982 ], [ -8.128240401705753, 42.525020962433743 ], [ -8.140112245900601, 42.522859136103584 ], [ -8.151983335551577, 42.520695921941488 ], [ -8.163853670289225, 42.518531320087497 ], [ -8.175723249744378, 42.516365330681701 ], [ -8.187592073548094, 42.51419795386429 ], [ -8.199460141331677, 42.512029189775468 ], [ -8.211327452726698, 42.509859038555518 ], [ -8.22319400736497, 42.507687500344765 ], [ -8.235059804878553, 42.505514575283648 ], [ -8.246924844899768, 42.503340263512598 ], [ -8.258789127061171, 42.501164565172161 ], [ -8.27065265099559, 42.498987480402903 ], [ -8.282515416336079, 42.49680900934549 ], [ -8.294377422715948, 42.494629152140597 ], [ -8.306238669768769, 42.492447908929002 ], [ -8.318099157128369, 42.490265279851535 ], [ -8.329958884428796, 42.488081265049061 ], [ -8.341817851304379, 42.485895864662552 ], [ -8.353676057389691, 42.483709078832966 ], [ -8.365533502319535, 42.481520907701416 ], [ -8.377390185728999, 42.479331351408995 ], [ -8.38924610725339, 42.477140410096887 ], [ -8.401101266528284, 42.474948083906327 ], [ -8.412955663189512, 42.472754372978635 ], [ -8.424809296873134, 42.470559277455145 ], [ -8.427562319977675, 42.479284506813926 ], [ -8.43941677374608, 42.477087654514506 ], [ -8.442172458973278, 42.485812328381776 ], [ -8.444929223466335, 42.4945368190686 ], [ -8.447687067794902, 42.503261126564453 ], [ -8.450445992529032, 42.511985250858729 ], [ -8.453205998239188, 42.520709191940789 ], [ -8.455967085496246, 42.529432949799933 ], [ -8.458729254871491, 42.538156524425425 ], [ -8.470594040248438, 42.535955675852108 ] ], [ [ -6.974041873702747, 43.031621193697809 ], [ -6.976620412286713, 43.040387320685788 ], [ -6.988624757738452, 43.038358741113335 ], [ -6.986044559779131, 43.029592964683225 ], [ -6.998046516769487, 43.027563326653798 ], [ -6.995465685162894, 43.018797736053173 ], [ -6.992885878292703, 43.010031980514484 ], [ -6.980887237429707, 43.012060917426631 ], [ -6.97831011193537, 43.003294646604779 ], [ -6.975734009492463, 42.994528210990289 ], [ -6.963737955098876, 42.996555039181153 ], [ -6.966312400493379, 43.005321824790563 ], [ -6.954313961682063, 43.00734759446155 ], [ -6.9568877714789, 43.016114565342477 ], [ -6.95946260371514, 43.02488137170981 ], [ -6.962038458942196, 43.033648013561425 ], [ -6.974041873702747, 43.031621193697809 ] ] ], [ [ [ -6.824358632876359, 42.863611110872107 ], [ -6.826902587062192, 42.87238346860623 ], [ -6.814926501184345, 42.874392066817947 ], [ -6.812384198085384, 42.865619363367991 ], [ -6.824358632876359, 42.863611110872107 ] ] ] ] } },
{ "type": "Feature", "properties": { "sector": "Mariña Lucense" }, "geometry": { "type": "Polygon", "coordinates": [ [ [ -8.222391647437121, 43.384609114202284 ], [ -8.225185550132935, 43.393331820068212 ], [ -8.213146175530017, 43.395508453780508 ], [ -8.215939535564841, 43.404231359870138 ], [ -8.203897712788493, 43.406406962089555 ], [ -8.19185509709815, 43.408581154163763 ], [ -8.179811688885417, 43.410753935945266 ], [ -8.167767488542189, 43.412925307286592 ], [ -8.170555334301419, 43.421649547773043 ], [ -8.182601191988601, 43.419477798610437 ], [ -8.18539180622496, 43.428201483576849 ], [ -8.197438528741657, 43.426027945583222 ], [ -8.209484457781938, 43.423852996879113 ], [ -8.221529592953807, 43.421676637612201 ], [ -8.224326291509932, 43.430399009239885 ], [ -8.236372288994808, 43.428220860597612 ], [ -8.248417491350024, 43.426041301479437 ], [ -8.260461898184206, 43.423860332033343 ], [ -8.263264680773826, 43.432581387518866 ], [ -8.275309947401988, 43.430398628154485 ], [ -8.278115502617039, 43.439119125101428 ], [ -8.290161628258028, 43.436934575397515 ], [ -8.302206956246836, 43.434748615393147 ], [ -8.30501694123013, 43.443468172815045 ], [ -8.307828045476002, 43.45218755110583 ], [ -8.295779405153819, 43.454374272183344 ], [ -8.283729966219379, 43.456559582543257 ], [ -8.271679729063973, 43.458743482037029 ], [ -8.259628694079169, 43.460925970516151 ], [ -8.247576861656791, 43.463107047832246 ], [ -8.235524232188952, 43.465286713836917 ], [ -8.232723073845962, 43.456565054999835 ], [ -8.220671307054079, 43.458742930184961 ], [ -8.208618744480859, 43.460919393971309 ], [ -8.196565386519024, 43.463094446210839 ], [ -8.184511233561592, 43.465268086755501 ], [ -8.187305751714566, 43.473991261776696 ], [ -8.19010138403929, 43.482714259177413 ], [ -8.178043113419475, 43.484887245076663 ], [ -8.175249142910516, 43.476163869001248 ], [ -8.163191739419334, 43.478335064025629 ], [ -8.165984047633851, 43.48705881856614 ], [ -8.168777469479314, 43.495782395777901 ], [ -8.180838198131418, 43.49361044367128 ], [ -8.192898131138683, 43.491437078945253 ], [ -8.204957268106989, 43.489262301747928 ], [ -8.202158859099377, 43.480539861016446 ], [ -8.214215538206075, 43.478364050741874 ], [ -8.226271420966007, 43.476186828501909 ], [ -8.229073152351658, 43.484908510532371 ], [ -8.241129898841148, 43.482729496810762 ], [ -8.243934408358498, 43.491450620922016 ], [ -8.255992017794975, 43.489269815296183 ], [ -8.253185847717958, 43.480549071211122 ], [ -8.26524099858934, 43.478367233881933 ], [ -8.26243428723547, 43.469646691472462 ], [ -8.274486980679969, 43.467463822854072 ], [ -8.286538875814882, 43.465279543012201 ], [ -8.298589972248459, 43.463093852095419 ], [ -8.31064026958923, 43.460906750252356 ], [ -8.313453614175048, 43.469625770241443 ], [ -8.325504769137547, 43.467436876493892 ], [ -8.337555123743849, 43.465246571908978 ], [ -8.340372904274023, 43.473964649959051 ], [ -8.328320892475475, 43.476155336032413 ], [ -8.331138138066125, 43.484873616233919 ], [ -8.319083667187556, 43.48706327269413 ], [ -8.321900376826898, 43.495781755131048 ], [ -8.324718209364157, 43.504500058357145 ], [ -8.327537165406754, 43.513218182358948 ], [ -8.330357245562576, 43.52193612712292 ], [ -8.318295333168193, 43.524125898606314 ], [ -8.30623261830743, 43.526314257700925 ], [ -8.294169101373063, 43.528501204257466 ], [ -8.296985320087884, 43.537220115111772 ], [ -8.29980266242176, 43.545938847160997 ], [ -8.31186950500167, 43.543751137308547 ], [ -8.314689635242271, 43.552469308661308 ], [ -8.326757337977257, 43.550279803764781 ], [ -8.329580257391822, 43.558997413891262 ], [ -8.317510890890631, 43.561187301028625 ], [ -8.320333272556402, 43.569905114396853 ], [ -8.308261437225106, 43.572093970343467 ], [ -8.305440720381183, 43.563375774790394 ], [ -8.302621128983205, 43.554657400391704 ], [ -8.290551819593679, 43.556844078806471 ], [ -8.278481707467572, 43.559029343756166 ], [ -8.275666569715202, 43.550310027398197 ], [ -8.26359732037621, 43.552493497484321 ], [ -8.266410792999027, 43.561213195091419 ], [ -8.254339076582497, 43.563395632662925 ], [ -8.242266558612677, 43.565576656321426 ], [ -8.245077821502475, 43.574296937731447 ], [ -8.23300283522277, 43.576476928100313 ], [ -8.220927047697131, 43.578655504047759 ], [ -8.223736097236854, 43.587376369019786 ], [ -8.211657840169625, 43.589553910901827 ], [ -8.214466342487649, 43.598274978746119 ], [ -8.202385614734292, 43.600451486145893 ], [ -8.190304085957322, 43.602626578255993 ], [ -8.193110369221865, 43.61134822944544 ], [ -8.195917774022481, 43.620069703282141 ], [ -8.183832101461515, 43.622244140465519 ], [ -8.181026368527551, 43.613522286296273 ], [ -8.168941567120759, 43.615694927348457 ], [ -8.156855965399156, 43.617866152452891 ], [ -8.144769563760681, 43.620035961460545 ], [ -8.1475702781955, 43.628758955361889 ], [ -8.135481403239536, 43.630927727612352 ], [ -8.123391728680826, 43.633095083256954 ], [ -8.126190213717772, 43.641818659476058 ], [ -8.114098064613195, 43.643984977584566 ], [ -8.1020051162215, 43.646149878577937 ], [ -8.1048013682245, 43.65487403686781 ], [ -8.09270594405919, 43.657037899545472 ], [ -8.095501637337097, 43.665762260768773 ], [ -8.083403736253292, 43.667925084711058 ], [ -8.08060972092394, 43.659200344598538 ], [ -8.077816823175858, 43.650475428623835 ], [ -8.06572147932212, 43.65263607737878 ], [ -8.053625337781693, 43.654795308423452 ], [ -8.056414879345621, 43.663520981235671 ], [ -8.06851269921918, 43.661361371878208 ], [ -8.071305036117316, 43.670086490668048 ], [ -8.074098490624129, 43.678811433736058 ], [ -8.061997312342427, 43.680971800176813 ], [ -8.064790204990498, 43.689696946281316 ], [ -8.067584215882535, 43.698421916792114 ], [ -8.055478877169627, 43.700581622007256 ], [ -8.058272325192425, 43.709306795775923 ], [ -8.046164504977167, 43.711465460573876 ], [ -8.034055885383969, 43.713622705941674 ], [ -8.021946466815621, 43.715778531730351 ], [ -8.019158066858628, 43.70705222264499 ], [ -8.007049533372806, 43.70920625069207 ], [ -8.004263933010403, 43.700479388750352 ], [ -7.992156285392268, 43.702631619485054 ], [ -7.994940202200909, 43.711358859075077 ], [ -7.982830073746347, 43.713510047645357 ], [ -7.970719148412797, 43.715659816254252 ], [ -7.973500810855733, 43.724387636116639 ], [ -7.961387403462862, 43.726536361777377 ], [ -7.949273199517287, 43.728683666966546 ], [ -7.952052603934896, 43.737412066846467 ], [ -7.939935916707769, 43.739558328303012 ], [ -7.927818433255756, 43.741703168777562 ], [ -7.915700153984297, 43.743846588121656 ], [ -7.918475608029682, 43.752575944375813 ], [ -7.906354844179027, 43.754718318840006 ], [ -7.909129721552575, 43.763447877986032 ], [ -7.91190571202689, 43.772177263613521 ], [ -7.899780771629968, 43.77431896926339 ], [ -7.897006471977966, 43.76558920714649 ], [ -7.884882426838681, 43.767729114303684 ], [ -7.872757586541677, 43.769867599309208 ], [ -7.860631951494183, 43.772004662014737 ], [ -7.857863837949042, 43.763273598803806 ], [ -7.855096834545568, 43.754542362693662 ], [ -7.86721908682277, 43.752406051226508 ], [ -7.864451502452665, 43.743675017619672 ], [ -7.876571270919926, 43.741537659886177 ], [ -7.87380310663436, 43.732806828704128 ], [ -7.871036051849951, 43.724075824352489 ], [ -7.858919661663703, 43.726212431330332 ], [ -7.856155404035196, 43.717480878669789 ], [ -7.853392254111657, 43.708749153013251 ], [ -7.850630211289379, 43.700017254371538 ], [ -7.838518093212293, 43.702151315764013 ], [ -7.83575884386609, 43.693418869665557 ], [ -7.82364762274243, 43.695551136052984 ], [ -7.811535612000118, 43.697681981770373 ], [ -7.814291485955058, 43.706415176192472 ], [ -7.826405184632119, 43.704283956420149 ], [ -7.829163851845823, 43.713016604115509 ], [ -7.817048464646514, 43.715148198093956 ], [ -7.804932287278418, 43.717278370827295 ], [ -7.807688681720216, 43.726011594340946 ], [ -7.795570024523039, 43.728140719611062 ], [ -7.798325833662587, 43.736874144814664 ], [ -7.786204695497869, 43.739002222196987 ], [ -7.783450577492914, 43.730268423127171 ], [ -7.771330341037542, 43.732394704741893 ], [ -7.759209315564876, 43.734519564307952 ], [ -7.761960049865389, 43.743254110467092 ], [ -7.749836543214246, 43.745377921060182 ], [ -7.737712247884686, 43.747500309095606 ], [ -7.725587164285707, 43.749621274426197 ], [ -7.728333921271495, 43.758356768266509 ], [ -7.716206355218503, 43.760476683474721 ], [ -7.718952519447744, 43.769212378841793 ], [ -7.706822469803052, 43.771331243501457 ], [ -7.694691632162335, 43.773448684584977 ], [ -7.682560006936077, 43.775564701945257 ], [ -7.685302183403584, 43.78430134390269 ], [ -7.673168073313114, 43.786416309563144 ], [ -7.670427594535035, 43.777679295435277 ], [ -7.658294395370236, 43.779792464908084 ], [ -7.655556714233976, 43.771054908366146 ], [ -7.667688215825422, 43.768942110697687 ], [ -7.679818931130296, 43.766827889227429 ], [ -7.67707895538488, 43.758090905758962 ], [ -7.689207187966202, 43.755975632718155 ], [ -7.686466616246536, 43.74723885044267 ], [ -7.683727143978041, 43.738501897285524 ], [ -7.69585120060675, 43.736385945099059 ], [ -7.693111133415696, 43.727649192917809 ], [ -7.680988770560459, 43.72976477325647 ], [ -7.668865622504098, 43.731878930947296 ], [ -7.671602301672024, 43.740616426609229 ], [ -7.674340079098948, 43.749353751549677 ], [ -7.662212756207659, 43.751467229432144 ], [ -7.659476674098646, 43.742729532923505 ], [ -7.647350261668137, 43.744841216081753 ], [ -7.650084647983111, 43.753579283943409 ], [ -7.637955754835997, 43.755689914936845 ], [ -7.635223064791001, 43.746951475937486 ], [ -7.632491471227191, 43.738212866667496 ], [ -7.629760973545737, 43.729474087136246 ], [ -7.627031571148247, 43.720735137353046 ], [ -7.614908676913621, 43.722842861893376 ], [ -7.612182063576181, 43.714103371545249 ], [ -7.609456543734962, 43.705363711113478 ], [ -7.606732116793142, 43.696623880607127 ], [ -7.60400878215435, 43.687883880035201 ], [ -7.616124902445681, 43.68577763588506 ], [ -7.613400967507659, 43.677037834979899 ], [ -7.610678124272543, 43.668297863877577 ], [ -7.598565387402552, 43.670403368730511 ], [ -7.601286539222652, 43.679143709406702 ], [ -7.589171331104684, 43.681248161959381 ], [ -7.591891881557283, 43.689988702096336 ], [ -7.579774201064391, 43.692092101922796 ], [ -7.58249414908828, 43.700832841595584 ], [ -7.585215188230568, 43.709573411501935 ], [ -7.573093339625954, 43.711676127553027 ], [ -7.560970711000787, 43.71377742064773 ], [ -7.548847302766194, 43.715877290640371 ], [ -7.551564346595715, 43.724618798705379 ], [ -7.554282480954784, 43.733360137434843 ], [ -7.542154899684711, 43.735459322089831 ], [ -7.539438462541551, 43.726717614330674 ], [ -7.527311799228445, 43.728815006347162 ], [ -7.530026538682753, 43.737557082920262 ], [ -7.517897398361248, 43.739653419780517 ], [ -7.515184357068538, 43.730910974609309 ], [ -7.512472404521255, 43.722168360550583 ], [ -7.500345881965697, 43.724262536679944 ], [ -7.48821858186044, 43.726355288980059 ], [ -7.476090504618239, 43.728446617305671 ], [ -7.47338473396706, 43.71970273076402 ], [ -7.470680049086403, 43.710958675798594 ], [ -7.467976449383094, 43.702214452417515 ], [ -7.455852690203209, 43.70430325476201 ], [ -7.453151872155405, 43.69555849598364 ], [ -7.441029035617894, 43.697645507937857 ], [ -7.438330997912624, 43.68890021428323 ], [ -7.426209084774203, 43.690985436282929 ], [ -7.414086398502307, 43.693069234808846 ], [ -7.411392837114748, 43.684323040753711 ], [ -7.399271075879357, 43.686405049832551 ], [ -7.396580292080973, 43.6776583223063 ], [ -7.384459456636098, 43.679738542374096 ], [ -7.381771449113181, 43.670991281896434 ], [ -7.36965154021174, 43.673069713389275 ], [ -7.357530861234073, 43.675146721479827 ], [ -7.35484732604431, 43.666398563833575 ], [ -7.352164867131092, 43.6576502390106 ], [ -7.349483483906745, 43.648901747017995 ], [ -7.346803175784032, 43.640153087862764 ], [ -7.334688514918156, 43.642227215211506 ], [ -7.332010976763593, 43.633478024970429 ], [ -7.329334511941885, 43.624728667727936 ], [ -7.317222474933121, 43.626800644970409 ], [ -7.31454877758557, 43.618050757313561 ], [ -7.311876151804497, 43.609300702815929 ], [ -7.29976673854172, 43.6113705312615 ], [ -7.297096877742664, 43.602619947019924 ], [ -7.294428086746113, 43.5938691960976 ], [ -7.282321297115235, 43.595936877054768 ], [ -7.279655268610425, 43.587185597057825 ], [ -7.267549409354471, 43.589251493872105 ], [ -7.264886142030518, 43.580499685315999 ], [ -7.252781213891485, 43.582563798423173 ], [ -7.250120706437468, 43.573811461823006 ], [ -7.247461264669957, 43.565058959006805 ], [ -7.235358961261265, 43.567120927529331 ], [ -7.223255897577689, 43.569181474529849 ], [ -7.220600905930749, 43.560428083385126 ], [ -7.208498775583508, 43.562486847986172 ], [ -7.196395886247612, 43.564544190997161 ], [ -7.184292238336197, 43.566600112276234 ], [ -7.172187832262671, 43.568654611681616 ], [ -7.169540677119709, 43.559899613563573 ], [ -7.166894582347555, 43.551144450122599 ], [ -7.154792806811319, 43.553196808208213 ], [ -7.142690274858539, 43.55524774456935 ], [ -7.130586986903023, 43.557297259064619 ], [ -7.1184829433588, 43.559345351552707 ], [ -7.106378144640198, 43.56139202189236 ], [ -7.094272591161788, 43.563437269942391 ], [ -7.091637722542488, 43.554679787825272 ], [ -7.079533110714757, 43.55672325530913 ], [ -7.067427745414405, 43.558765300437933 ], [ -7.055321627056589, 43.560805923070781 ], [ -7.052692901631657, 43.552047203191968 ], [ -7.040587727399222, 43.554086045847825 ], [ -7.037961751403537, 43.545326804772529 ], [ -7.035336827495361, 43.536567399845474 ], [ -7.032712955100806, 43.527807831071087 ], [ -7.044813042624389, 43.525770059567719 ], [ -7.04218852679733, 43.517010683712051 ], [ -7.054286169585359, 43.514971847416987 ], [ -7.051661011403684, 43.506212664411969 ], [ -7.049036904211764, 43.497453317283806 ], [ -7.046413847436882, 43.488693806036885 ], [ -7.04379184050676, 43.479934130675559 ], [ -7.05588196464031, 43.477895300301071 ], [ -7.067971339401494, 43.4758550495187 ], [ -7.065347001242651, 43.467095923208277 ], [ -7.077433936648729, 43.465054609062598 ], [ -7.089520122310976, 43.463011875005229 ], [ -7.086893456550938, 43.454253298036392 ], [ -7.084267841302725, 43.445494556388986 ], [ -7.096349901271273, 43.443451116798727 ], [ -7.093723649086029, 43.43469256737994 ], [ -7.105803272971423, 43.432648065707774 ], [ -7.103176384919404, 43.423889708448897 ], [ -7.115253573811554, 43.421844145121277 ], [ -7.127330013129545, 43.419797163304409 ], [ -7.129960271480034, 43.428554805969817 ], [ -7.142037645281688, 43.426506048184386 ], [ -7.154114268234312, 43.424455871975056 ], [ -7.156748947995243, 43.433212633650292 ], [ -7.168826503840283, 43.431160680963359 ], [ -7.180903307561287, 43.4291073099184 ], [ -7.178265259952145, 43.420351264846154 ], [ -7.1756282664549, 43.411595053948204 ], [ -7.172992326496746, 43.402838677229489 ], [ -7.185063329733515, 43.400784963404035 ], [ -7.182426761274017, 43.392028779059046 ], [ -7.179791245799875, 43.383272428758538 ], [ -7.167723604908574, 43.385325426349517 ], [ -7.165090822135047, 43.376568552197945 ], [ -7.15302411172316, 43.378619774958878 ], [ -7.140956651912219, 43.380669580650157 ], [ -7.138328281144083, 43.371911825828512 ], [ -7.126261753398928, 43.373959857197583 ], [ -7.123636112596561, 43.36520157989942 ], [ -7.135700959876585, 43.363153905498763 ], [ -7.133074687539947, 43.35439581966547 ], [ -7.130449463564808, 43.345637568333082 ], [ -7.127825287382212, 43.336879151506089 ], [ -7.125202158423649, 43.32812056918884 ], [ -7.113144027100692, 43.330166817155721 ], [ -7.110523622312706, 43.321407713103746 ], [ -7.107904263023605, 43.312648443713826 ], [ -7.119959039906564, 43.310602908100925 ], [ -7.117339049213076, 43.301843829338807 ], [ -7.129391404833086, 43.299797234406391 ], [ -7.141443015119383, 43.297749224332151 ], [ -7.138820719234968, 43.288990692374611 ], [ -7.150869909383559, 43.286941623757357 ], [ -7.162918353835614, 43.284891140490579 ], [ -7.160293756345978, 43.276133155622276 ], [ -7.172339781786333, 43.274081614588304 ], [ -7.184385061168846, 43.272028659396959 ], [ -7.18175816565633, 43.263271221901427 ], [ -7.193801027153913, 43.261217209717984 ], [ -7.205843142233848, 43.259161783869189 ], [ -7.2032139522774, 43.250404894028868 ], [ -7.215253650599921, 43.248348411962404 ], [ -7.227292602146511, 43.246290516722432 ], [ -7.224661121321694, 43.237534174818606 ], [ -7.23669765723915, 43.235475224134689 ], [ -7.248733446023863, 43.233414860768995 ], [ -7.246099677902884, 43.224659067081831 ], [ -7.258133052187487, 43.222597649045198 ], [ -7.255498666269712, 43.213842045914014 ], [ -7.267529627135731, 43.21177957362692 ], [ -7.279559840561965, 43.209715689501515 ], [ -7.276923172998746, 43.200960634863556 ], [ -7.28895097413613, 43.198895697259495 ], [ -7.300978027480716, 43.19682934830832 ], [ -7.29833908183486, 43.188074842441004 ], [ -7.310363724021069, 43.186007440782312 ], [ -7.322387618062961, 43.183938628267612 ], [ -7.319746397893913, 43.175184671447148 ], [ -7.331767881908635, 43.173114806995379 ], [ -7.34378861742901, 43.17104353217853 ], [ -7.341145126292837, 43.162290124680041 ], [ -7.353163452917987, 43.160217798695854 ], [ -7.365181030700258, 43.158144062837358 ], [ -7.362535272149642, 43.149391204934908 ], [ -7.374550442169365, 43.147316418678137 ], [ -7.386564862999145, 43.145240223037703 ], [ -7.383916840583414, 43.136487915004174 ], [ -7.395928854784056, 43.134410669733811 ], [ -7.398578534240511, 43.143162618153397 ], [ -7.410591455495223, 43.141083604165075 ], [ -7.422603626365324, 43.139003181212658 ], [ -7.425257673005627, 43.147754240323749 ], [ -7.437270749356554, 43.145672048156385 ], [ -7.449283074075661, 43.143588447094317 ], [ -7.461294646765538, 43.141503437277755 ], [ -7.463954717592839, 43.150253244696202 ], [ -7.475967193338497, 43.148166465097951 ], [ -7.487978915807952, 43.146078276815359 ], [ -7.490643355621901, 43.154827191504154 ], [ -7.502655979569671, 43.152737232944311 ], [ -7.514667848994193, 43.150645865770834 ], [ -7.526678963498973, 43.148553090124423 ], [ -7.529349428177467, 43.157300748355702 ], [ -7.541361441730548, 43.155206201867557 ], [ -7.553372699117097, 43.153110246977946 ], [ -7.556047534562556, 43.161857009056021 ], [ -7.56805968941573, 43.159759282830521 ], [ -7.580071086855495, 43.157660148275575 ], [ -7.592081726486268, 43.155559605532403 ], [ -7.59476258744088, 43.164305106386287 ], [ -7.606774122103342, 43.16220279174496 ], [ -7.6187848977102, 43.16009906898821 ], [ -7.62147013118957, 43.168843670262994 ], [ -7.633481800242238, 43.16673817511537 ], [ -7.645492708992642, 43.164631271925622 ], [ -7.657502857046081, 43.16252296083551 ], [ -7.660194116646242, 43.171266296117601 ], [ -7.672205155705666, 43.169156212076594 ], [ -7.684215432821726, 43.167044720209311 ], [ -7.686911066681859, 43.175787152484077 ], [ -7.698922233213821, 43.17367388717463 ], [ -7.71093263655597, 43.171559214113543 ], [ -7.722942276314543, 43.169443133443039 ], [ -7.725643936874094, 43.178184294954853 ], [ -7.737654463603845, 43.17606644028443 ], [ -7.749664225503837, 43.173947178080006 ], [ -7.752370262035936, 43.182687433153987 ], [ -7.764380909312854, 43.18056639645981 ], [ -7.77639079051378, 43.178443952307589 ], [ -7.788399905245872, 43.176320100840059 ], [ -7.791111969022958, 43.185059080379084 ], [ -7.803121966682395, 43.182933453866298 ], [ -7.815131196627051, 43.180806420114941 ], [ -7.817847638066586, 43.189544489783316 ], [ -7.82985774934017, 43.187415680498312 ], [ -7.841867091652985, 43.185285464051994 ], [ -7.853875664613112, 43.183153840587607 ], [ -7.86588346782889, 43.181020810248469 ], [ -7.877890500908936, 43.178886373177924 ], [ -7.889896763462091, 43.176750529519417 ], [ -7.887170432336742, 43.168014673610102 ], [ -7.899174277309497, 43.165877793196792 ], [ -7.911177351436773, 43.163739506690845 ], [ -7.923179654328409, 43.161599814235814 ], [ -7.920449468262986, 43.152864892773621 ], [ -7.932449354822076, 43.150724164679197 ], [ -7.944448469829104, 43.148582031130907 ], [ -7.956446812894882, 43.146438492272353 ], [ -7.959181931691799, 43.155172302612449 ], [ -7.971181145744516, 43.153026987797674 ], [ -7.97391899378155, 43.161760251508348 ], [ -7.976657928325557, 43.170493339369649 ], [ -7.988659656598337, 43.168345876884295 ], [ -7.99140132278329, 43.177078417443617 ], [ -7.994144077210258, 43.18581078198546 ], [ -8.006148319718209, 43.183661170548078 ], [ -8.008893808188654, 43.192392987114332 ], [ -8.020898919627957, 43.190241597747665 ], [ -8.023647143393665, 43.198972865822739 ], [ -8.026396458291185, 43.207703957552525 ], [ -8.038404083321758, 43.205550417174599 ], [ -8.041156135919254, 43.214280959737849 ], [ -8.0439092813894, 43.223011325786125 ], [ -8.055919420017901, 43.220855633113558 ], [ -8.058675305594429, 43.229585449318883 ], [ -8.061432285786779, 43.238315088838966 ], [ -8.07344493801682, 43.236157242587566 ], [ -8.076204660723644, 43.24488633158721 ], [ -8.078965479791737, 43.253615243730742 ], [ -8.090980645623922, 43.251455242615521 ], [ -8.093744209616272, 43.260183603560044 ], [ -8.096508871717655, 43.268911787477016 ], [ -8.108526551149541, 43.266749630212182 ], [ -8.111293960586657, 43.275477262250519 ], [ -8.114062469882874, 43.284204717089267 ], [ -8.12608266290896, 43.282040402388176 ], [ -8.128853921954073, 43.290767304667582 ], [ -8.131626282610661, 43.299494029574788 ], [ -8.143648989222381, 43.297327556150037 ], [ -8.146424102042729, 43.306053727816106 ], [ -8.149200318229234, 43.314779721936745 ], [ -8.161225538414966, 43.312611088500127 ], [ -8.164004509181781, 43.321336528696783 ], [ -8.176030592214104, 43.31916611068533 ], [ -8.178812318816783, 43.327890996436679 ], [ -8.181595151705293, 43.336615704306176 ], [ -8.193623747619753, 43.334443124214189 ], [ -8.196409338762836, 43.343167276953771 ], [ -8.199196037952269, 43.351891251636701 ], [ -8.211227146728616, 43.349716508174019 ], [ -8.214016606593024, 43.358439927041339 ], [ -8.216807176266631, 43.367163167676615 ], [ -8.219598856348238, 43.375886230067664 ], [ -8.222391647437121, 43.384609114202284 ] ], [ [ -8.164980752746558, 43.404200889265034 ], [ -8.152937417915577, 43.40637047255801 ], [ -8.155722496460619, 43.415095268040368 ], [ -8.167767488542189, 43.412925307286592 ], [ -8.164980752746558, 43.404200889265034 ] ], [ [ -8.156715945576748, 43.497952935116977 ], [ -8.159508817738093, 43.506676713547122 ], [ -8.171572005558602, 43.504505795648612 ], [ -8.168777469479314, 43.495782395777901 ], [ -8.156715945576748, 43.497952935116977 ] ], [ [ -8.147444834582789, 43.50884621832018 ], [ -8.15023715603833, 43.517570198050628 ], [ -8.162302804163776, 43.515400314775981 ], [ -8.159508817738093, 43.506676713547122 ], [ -8.147444834582789, 43.50884621832018 ] ], [ [ -8.089911368942408, 43.648313362307306 ], [ -8.087117911379096, 43.639588649066674 ], [ -8.075025042401659, 43.641750336799241 ], [ -8.077816823175858, 43.650475428623835 ], [ -8.089911368942408, 43.648313362307306 ] ], [ [ -8.072234377994386, 43.633025069136949 ], [ -8.060142388103049, 43.63518496129992 ], [ -8.062931375818977, 43.643910607181979 ], [ -8.075025042401659, 43.641750336799241 ], [ -8.072234377994386, 43.633025069136949 ] ], [ [ -7.883151649282996, 43.721937796292494 ], [ -7.880384015615158, 43.713206994146354 ], [ -7.868270105961845, 43.715344646842304 ], [ -7.871036051849951, 43.724075824352489 ], [ -7.883151649282996, 43.721937796292494 ] ], [ [ -7.705232710660328, 43.725532190077949 ], [ -7.702492049605565, 43.716795638796214 ], [ -7.714611148600505, 43.714677585728708 ], [ -7.711869894739754, 43.705941235270025 ], [ -7.699752487384302, 43.708058916361132 ], [ -7.68763429496116, 43.710175175527041 ], [ -7.690372165067043, 43.718912269723909 ], [ -7.693111133415696, 43.727649192917809 ], [ -7.705232710660328, 43.725532190077949 ] ], [ [ -7.259562807391226, 43.562995569104402 ], [ -7.256902738913016, 43.554243261461103 ], [ -7.269001829179452, 43.552178811919667 ], [ -7.266341135060316, 43.54342669937845 ], [ -7.254243735554561, 43.545490787467536 ], [ -7.242145575871, 43.547553454750258 ], [ -7.244802888007981, 43.556306289980569 ], [ -7.247461264669957, 43.565058959006805 ], [ -7.259562807391226, 43.562995569104402 ] ], [ [ -7.872087765466398, 43.687013547957001 ], [ -7.869324563689214, 43.678282052680075 ], [ -7.866562468376417, 43.669550384147733 ], [ -7.854456988827649, 43.671686162295941 ], [ -7.842350719399599, 43.673820520643176 ], [ -7.845109444535948, 43.682552938175775 ], [ -7.857217399291278, 43.680418205435096 ], [ -7.859978915633667, 43.68915007547011 ], [ -7.862741538457441, 43.697881772390218 ], [ -7.865505268365664, 43.706613296184564 ], [ -7.877617490825838, 43.704476018701072 ], [ -7.874852074310837, 43.695744869967626 ], [ -7.886961818444172, 43.693606547251427 ], [ -7.884195824058081, 43.684875600363661 ], [ -7.872087765466398, 43.687013547957001 ] ] ] } }
]
}
